Seller Name,House Location,Bedrooms,Bathrooms,Garage,pool encoder,garden encoder,Log_Price,Normalized_area
Timothy Mccarthy,Ernakulam,4.0,3.0,2.0,1,0,12.983220222540684,0.5812019177165794
Katie Rush MD,Kollam,5.0,1.0,2.0,0,0,12.744294754832534,0.4019623146393132
Matthew Baker,Palakkad,1.0,2.0,3.0,0,1,12.531885630787729,0.2825510090311071
Laura Smith,Trivandrum,2.0,4.0,3.0,0,1,12.45013475028292,0.12128442412755044
Tanya Rowe,Kollam,4.0,4.0,2.0,0,0,12.437955576970806,0.08821496264912476
Matthew Kramer,Palakkad,1.0,2.0,0.0,1,0,12.659365454788796,0.32899988850485007
Paul Jones,Palakkad,1.0,4.0,1.0,0,1,12.292288001612544,0.0775337272828632
Kristy Ford,Palakkad,2.0,2.5510835913312695,0.0,1,0,13.092991578476575,0.8872784033894526
Bryan Torres,Palakkad,5.0,2.0,1.0,1,1,12.789244874725293,0.3268814806555915
Gerald Parks,Trivandrum,5.0,4.0,3.0,1,0,13.070299407175058,0.6359906344074033
Chad Harris,Thrissur,2.0,3.0,3.0,0,1,13.095677659899291,0.49117894420975405
Karen Sherman,Kollam,3.0,3.0,3.0,0,0,12.620271833607013,0.2350094770877467
Chad Johnson,Trivandrum,5.0,2.0,2.0,1,0,12.473804096235137,0.16099899654365032
Riley Colon,Kollam,3.0,3.0,1.0,0,1,13.03087883251814,0.8331809566283868
Rachel White,Trivandrum,5.0,4.0,2.0,0,1,12.880312707706116,0.313011484000446
Brandi Raymond,Palakkad,4.0,3.0,2.0,1,1,12.912850677490553,0.22220983387222662
Timothy Day,Ernakulam,5.0,3.0,2.0,0,0,12.915653672665938,0.35914817705429813
Jessica Berg,Thrissur,3.0,1.0,1.0,1,1,12.832047573056862,0.4152079384546773
Adam Parker,Thrissur,5.0,1.0,2.0,0,1,12.589995067317165,0.10877466830192886
Amanda Gomez,Kollam,3.0,4.0,1.0,0,1,13.011225113771223,0.7500947708774669
Bryan Whitney,Ernakulam,5.0,2.0,3.0,0,0,13.157574833447228,0.8551009031107147
Andrew Cooper,Kollam,2.0,1.0,0.0,0,1,11.815817871556817,0.03561155089753598
Scott Perry,Thrissur,2.0,4.0,2.0,1,0,13.101415678363661,0.8555022856505743
Joshua Smith,Kollam,1.0,4.0,0.0,1,0,12.53949480682573,0.21023525476641772
Brett White,Palakkad,2.0,2.0,0.0,1,0,12.986780579228368,0.5965882484111943
Michael Bradford,Kollam,2.0,2.0,2.0,1,1,13.030296508376894,0.691894302597837
Juan Williams,Ernakulam,2.0,3.0,2.0,1,1,13.142363396982075,0.8541420448210504
Robin Obrien,Kollam,2.0,3.0,2.0,0,0,12.087311125063628,0.005507860408072246
Darrell Henry,Trivandrum,1.0,4.0,3.0,1,0,12.383892124831362,0.1651912141821831
Deborah Beasley,Ernakulam,5.0,2.0,1.0,0,1,12.9482875231723,0.5412866540305498
Alex Diaz,Thrissur,2.0,3.0,0.0,0,1,13.012188312604755,0.8646894860073587
Robin Briggs,Thrissur,1.0,1.0,2.0,0,0,12.827485127800468,0.7524584680566396
Joseph Smith,Trivandrum,1.0,1.0,1.0,0,1,12.055800359999225,0.1726613892295685
Kathleen Williams,Thrissur,4.0,4.0,2.0,0,0,12.841085739377329,0.443594603634742
Pamela Jones,Kollam,3.0,2.0,2.0,1,0,12.475245524839057,0.23915709666629506
Katelyn Griffin,Trivandrum,2.0,3.0,0.0,0,0,12.47724668205462,0.25349537295127667
Brian Roberts,Thrissur,1.0,3.0,1.0,1,1,12.746229327159325,0.31898762403835434
Charles Johnson,Thrissur,4.0,2.0,3.0,0,0,13.022641976454475,0.6994536737651913
Elizabeth Lewis,Trivandrum,2.0,3.0,3.0,0,1,12.716034666498592,0.25507860408072247
Juan Simmons,Palakkad,2.0,3.0,0.0,0,0,12.79217411350747,0.5770765971680233
Shawn Vazquez,Palakkad,4.0,2.0,1.0,1,1,13.035480188561884,0.6072694837774557
Catherine Hanson,Kollam,5.0,3.0,0.0,1,0,13.288644674313172,0.9794179953172039
Benjamin Johnson,Trivandrum,1.0,4.0,3.0,1,0,12.403622453357496,0.14509978815921507
Jacob White,Trivandrum,2.0,1.0,1.0,0,0,12.818443082411394,0.5415542423904561
Susan Torres,Kollam,4.0,1.0,1.459320288362513,0,0,13.134729500750897,0.9441409298695508
Daniel Griffin,Kollam,5.0,4.0,0.0,1,0,12.639812041924566,0.09412420559705653
Kristen Johnson,Palakkad,3.0,4.0,2.0,0,1,12.490748491307222,0.18575091983498718
Daniel Wright,Kollam,5.0,4.0,3.0,0,0,13.143080743062521,0.7511651243170924
Felicia Robertson,Palakkad,1.0,4.0,3.0,0,1,12.944352571956578,0.6431709220648902
Sydney Buchanan,Palakkad,4.0,3.0,1.0,1,1,13.1204778408971,0.7182963541085964
Jessica Drake,Palakkad,2.0,2.0,2.0,0,0,12.832489197372734,0.651131675772104
Natasha Hughes,Trivandrum,3.0,1.0,3.0,0,1,12.524842981069694,0.2856282751700302
Diana Dixon,Palakkad,1.0,3.0,2.0,0,0,12.609279605940879,0.44363920169472637
Roger Beck,Thrissur,5.0,3.0,2.0,1,0,12.922769175648192,0.3058980934329357
Kelly Nash,Ernakulam,2.0,2.0,1.0,0,1,12.84184081439084,0.5337495818931878
Karen Brown,Ernakulam,3.0,2.0,3.0,0,1,12.965032332239055,0.826937228230572
Spencer Mullins,Thrissur,3.0,1.0,1.0,0,0,12.86411316062539,0.6931876463373845
Matthew Lambert,Kollam,2.0,4.0,2.0,0,1,12.706252210580484,0.4771323447430037
Noah Owens,Ernakulam,1.0,3.0,0.0,1,0,12.945400899063165,0.8351655702976921
Zachary Gonzalez,Palakkad,2.0,2.0,3.0,0,0,12.65071622230959,0.40524027204816593
Melinda Spencer PhD,Thrissur,4.0,4.0,1.0,0,0,12.504159537123831,0.19230683465269258
Matthew Cochran,Ernakulam,5.0,2.0,0.0,1,0,12.581782971527327,0.3660608763518787
Morgan Smith,Palakkad,4.0,4.0,1.459320288362513,0,1,13.24117134541583,0.945545768759059
Renee Lawson,Kollam,2.0,2.0,1.0,1,1,12.959502154036572,0.5659939792619022
Christy Gilmore,Thrissur,4.0,1.0,0.0,1,1,12.880960204248504,0.3397926190210726
Jennifer Thomas,Palakkad,1.0,4.0,3.0,0,1,12.85688019616861,0.6313747351990189
Dominique Holmes,Ernakulam,1.0,4.0,3.0,0,0,12.829577334480247,0.24571301148400046
Monique Wood,Thrissur,3.0,2.0,0.0,0,0,11.845107870552404,0.09492697067677555
Shelby Weber,Kollam,3.0,4.0,3.0,0,0,12.39414020405851,0.15080833983721711
Laura Schwartz,Palakkad,2.0,3.0,2.0,0,0,12.454912130330214,0.49117894420975405
Alicia Ross,Ernakulam,4.0,4.0,1.0,1,0,12.577806394375658,0.025911472850930983
Mark Hunter,Palakkad,5.0,2.0,0.0,0,1,12.961782451117541,0.5182517560486118
Suzanne Thompson,Kollam,3.0,4.0,2.0,0,1,13.17200696777819,0.8645779908573977
Laurie Mendoza,Thrissur,1.0,2.0,0.0,1,0,12.904507695632509,0.7296019623146394
Peter Figueroa,Thrissur,1.0,2.5510835913312695,1.0,1,0,12.631190696529751,0.18347641877578327
Michelle Sanders,Kollam,2.0,2.0,0.0,0,0,12.06292412767618,0.0033002564388448924
Adrian Williams,Thrissur,2.0,4.0,2.0,1,1,12.881636694889202,0.3184747463485339
Robert Ballard,Kollam,4.0,4.0,0.0,0,1,12.908652894473247,0.5854164343851043
Breanna Pena,Trivandrum,1.0,1.0,3.0,1,0,12.49352471653365,0.2674991637863753
Bobby Cook,Palakkad,1.0,3.0,0.0,0,1,11.964880379166072,0.008763518786932767
Nicholas Brown,Palakkad,5.0,4.0,2.0,0,1,12.816321334126918,0.24816590478314196
Clayton Fox,Thrissur,3.0,1.0,1.0,0,0,12.884048318585348,0.7465046270487234
Curtis Watkins,Ernakulam,5.0,2.0,3.0,0,0,13.033894283916622,0.7448990968892855
James Velasquez,Kollam,4.0,3.0,1.0,1,1,12.6599524822613,0.24821050284312637
Patricia Graves,Thrissur,4.0,2.0,2.0,0,0,12.34212816237119,0.49117894420975405
Hunter Mccoy,Trivandrum,1.0,4.0,2.0,1,0,12.886884634465828,0.48446872561043597
Mike Rich,Thrissur,4.0,1.0,3.0,1,0,12.947364281834728,0.5077712119522801
Jeffrey Foster,Thrissur,5.0,3.0,2.0,1,0,12.661074305857563,0.3520347864867879
Tara Weaver,Trivandrum,4.0,2.0,2.0,1,0,12.881437300014833,0.5998885048500391
Eric Daniels,Palakkad,5.0,3.0,3.0,1,1,13.392209597489513,0.970409187200357
Michael Holden,Thrissur,5.0,2.0,0.0,1,0,13.07274098102572,0.7178949715687368
Tracy Wright,Palakkad,5.0,3.0,1.0,0,0,12.811037227124087,0.42952391570966675
David Walker,Trivandrum,3.0300518134715024,1.0,1.0,0,1,13.10073391806615,0.9558033225554688
Steven Mason,Kollam,1.0,4.0,1.0,0,1,12.227081065174325,0.04524473185416433
Paul Smith,Palakkad,5.0,4.0,3.0,0,0,13.066751825380049,0.7283532166350765
Mark Byrd,Ernakulam,3.0,2.0,2.0,0,1,12.70473002559165,0.4282082729401272
Brooke Stewart,Kollam,1.0,4.0,2.0,0,0,12.314505526636,0.0011149514996097593
Zoe Rollins,Trivandrum,3.0,2.0,2.0,1,1,12.970379860914637,0.7132790723603525
Melinda Acosta,Palakkad,5.0,1.0,0.0,1,1,12.920072441171829,0.3847251644553462
Jacob Scott,Palakkad,2.0,3.0,3.0,1,1,12.605265457182988,0.2096331809566284
Tyler Livingston,Thrissur,2.0,3.0,1.0,1,0,12.820512817639742,0.5140818374400715
Randy Bryant,Palakkad,1.0,2.0,2.0,0,0,12.59652844202741,0.3307615118742335
Walter Davis,Palakkad,3.0,3.0,2.0,0,0,12.403558474685559,0.18989853941353554
Chad Webster,Palakkad,5.0,4.0,1.0,1,1,13.124801323197989,0.5581670197346417
Morgan Avery,Palakkad,5.0,3.0,2.0,1,1,13.047317925954179,0.5663953618017618
Nathaniel Knight,Palakkad,1.0,4.0,1.0,1,0,12.193718243211555,0.07396588248411193
Donna Davis,Kollam,5.0,3.0,0.0,1,0,12.9880419585055,0.545300479429145
Lisa Guerra,Ernakulam,2.0,4.0,0.0,1,0,12.508877884246607,0.05217973018173708
Glenn Thomas,Ernakulam,5.0,4.0,2.0,1,1,13.056056253209983,0.49117894420975405
Julian Clayton,Thrissur,2.0,2.0,1.0,1,0,12.644645429166612,0.30656706433270153
Joy Hill,Trivandrum,1.0,4.0,3.0,1,1,12.589046136246647,0.1703868881703646
Anthony Salazar,Kollam,3.0,3.0,0.0,1,1,12.759919769529283,0.3239380086966217
Emily Lane,Thrissur,4.0,1.0,1.0,1,0,12.349322194780287,0.05133236704203367
Denise Williams,Trivandrum,2.0,4.0,2.0,1,1,12.656232431630368,0.1920615453227785
Jaclyn Rogers,Trivandrum,3.0,3.0,0.0,0,1,12.276119374847172,0.19179395696287213
Zachary Gillespie,Trivandrum,5.0,3.0,2.0,1,1,12.722965705123329,0.16387557141264356
Teresa Ross,Ernakulam,5.0,1.0,0.0,0,1,12.890500447554187,0.7215297134574646
Steven Mcfarland,Ernakulam,3.0,4.0,2.0,1,1,13.22721601011144,0.8868770208495931
Brandon Lane,Ernakulam,3.0,1.0,0.0,1,0,12.97588802342576,0.7100011149514996
Roy Christian,Palakkad,1.0,3.0,1.0,1,1,12.955615211397824,0.7421786152302375
Mrs. Rachel Donaldson MD,Ernakulam,2.0,4.0,2.0,0,0,12.9241116627365,0.6209387891626714
Joseph Mcmahon Jr.,Thrissur,3.0,4.0,3.0,0,0,12.805512700707196,0.49117894420975405
Holly Rogers,Palakkad,3.0300518134715024,1.0,3.0,0,1,12.333657706213478,0.09477087746683022
Kathryn Richard,Ernakulam,1.0,2.0,1.0,1,0,12.898779479151635,0.728643104024975
Alicia Combs,Ernakulam,2.0,4.0,1.0,1,0,12.402156688364599,0.004392908908462473
Craig Lamb,Thrissur,3.0,3.0,0.0,0,1,12.78342781328163,0.3975025086408742
Craig Sanchez,Palakkad,5.0,3.0,0.0,1,1,13.173560015120774,0.820760396922734
Victoria Meyer,Thrissur,1.0,3.0,0.0,1,1,12.794403301331299,0.5590366819043372
Thomas Fuentes,Ernakulam,2.0,4.0,1.0,1,1,12.755246303699165,0.2278068904002676
Anthony Aguirre,Ernakulam,3.0,4.0,2.0,0,1,13.044352732026336,0.9248076708663174
Tom Johnson,Thrissur,2.0,4.0,1.0,0,0,12.724085628239605,0.6722934552346974
Loretta Adams,Thrissur,5.0,1.0,0.0,1,0,12.772737303136983,0.5024194447541532
James Thornton,Palakkad,3.0,3.0,0.0,1,0,12.917917750289206,0.5507191437172483
Laurie Perez,Ernakulam,1.0,1.0,0.0,0,1,12.176073950550004,0.1756940573085071
Taylor Robinson,Ernakulam,1.0,1.0,1.0,1,0,12.897134227741056,0.7060095885828968
Drew Porter Jr.,Palakkad,2.0,4.0,3.0,0,1,12.307448166633774,0.013736202475192333
Dustin Rodgers,Ernakulam,1.0,1.0,1.0,0,0,12.960678217870814,0.8339614226781136
Lisa Gallegos,Thrissur,2.0,3.0,1.0,0,1,12.461166661052857,0.09109153751811797
Gregory White,Kollam,4.0,3.0,0.0,0,0,12.503088286894394,0.09577433381647898
Tracey Cooper,Palakkad,2.0,2.5510835913312695,1.0,0,0,12.988020203946315,0.9267253874456461
Teresa Moore,Ernakulam,2.0,2.0,1.0,0,1,12.320701601190596,0.12766194670531833
Diane Trevino,Trivandrum,5.0,3.0,1.0,0,1,12.74425736268905,0.3634964879027762
Mary Fisher,Palakkad,5.0,1.0,0.0,0,0,12.816178485340238,0.5750473854387335
David Chen,Ernakulam,4.0,3.0,2.0,1,0,12.48729995575383,0.09686698628609658
Rita Savage,Palakkad,1.0,2.0,0.0,0,0,13.014080395499018,0.9980153863306948
Sharon Myers,Trivandrum,4.0,4.0,2.0,0,0,12.905934978898618,0.4904671646783365
Teresa Harris,Ernakulam,1.0,4.0,0.0,0,0,12.829577334480247,0.5395696287211507
Kaitlyn Harper,Palakkad,4.0,1.0,1.0,1,1,12.894359986174884,0.5981491805106479
Rachel Nash,Trivandrum,2.0,4.0,1.459320288362513,1,0,12.541662778926993,0.2477645222432824
James Berry,Thrissur,3.0,1.0,3.0,1,0,13.084195939761598,0.9085293789720149
Christopher Hayes,Trivandrum,5.0,1.0,2.0,1,0,13.066121099078176,0.7708105697402164
Sara Jimenez,Trivandrum,1.0,4.0,0.0,1,0,13.171204645029862,0.956606087635188
Christopher Davis,Trivandrum,1.0,4.0,2.0,1,0,12.687210866985986,0.3709220648901773
John Skinner,Palakkad,4.0,3.0,1.0,1,1,12.619037361148466,0.11738209387891627
Joseph Aguirre,Kollam,2.0,3.0,0.0,0,0,12.700090669623735,0.5147062102798529
Joe Bell,Kollam,2.0,2.5510835913312695,1.0,1,0,13.111426183762223,0.7550228565057421
Terri Morales,Thrissur,1.0,2.0,2.0,0,1,12.982372032718471,0.7443193221094884
John Johnson,Ernakulam,1.0,1.0,1.0,0,0,12.797816636544848,0.7187423347084403
Leroy Key,Ernakulam,5.0,4.0,3.0,1,1,12.81433260058342,0.18644218976474522
Charles Morris,Ernakulam,3.0,2.0,2.0,0,1,12.636001201761157,0.49117894420975405
Matthew Vega,Thrissur,4.0,1.0,3.0,1,1,12.961741541403864,0.5247407737763408
Theresa Little,Thrissur,5.0,1.0,2.0,1,0,13.055121643209677,0.7259449213959194
Kyle Brown,Palakkad,3.0,4.0,0.0,1,0,12.8230953529334,0.3194782026981826
Katherine Rodgers,Trivandrum,1.0,4.0,1.0,1,1,12.998894897697074,0.6741219756940574
Brian Chang,Palakkad,4.0,2.0,0.0,1,0,13.117077893812956,0.9495818931876464
Carla Pierce,Thrissur,4.0,3.0,3.0,1,0,13.141261007078374,0.7286654030549672
Gregory Hernandez,Palakkad,2.0,1.0,3.0,0,0,12.652470558018955,0.47755602631285543
Claudia Giles,Palakkad,3.0,3.0,2.0,0,1,12.159730023683881,0.07082171925521238
Darlene Munoz,Thrissur,3.0300518134715024,3.0,2.0,1,1,12.661920046523335,0.2362136247073253
Ann Quinn,Trivandrum,4.0,1.0,3.0,1,0,13.004569284186811,0.49117894420975405
Kenneth Snyder,Ernakulam,1.0,2.0,2.0,1,1,12.805968777319611,0.4688371055859071
April Henry,Kollam,1.0,1.0,1.459320288362513,0,1,12.127118719918274,0.10982272271156207
Renee Boyd,Thrissur,5.0,2.0,2.0,0,0,12.859913635283727,0.6163451889842793
Nicole Johnson,Trivandrum,3.0,3.0,0.0,0,1,12.458471069408837,0.1942245512320214
Amanda Frey,Thrissur,5.0,2.0,1.0,1,1,12.697849232978962,0.11229791504069575
Matthew Hughes,Ernakulam,3.0,4.0,0.0,1,0,12.39920303419678,0.11428252871000114
Daryl Jones,Trivandrum,3.0300518134715024,3.0,3.0,0,0,12.728737122698211,0.5416880365704093
Nancy Brooks,Palakkad,4.0,1.0,3.0,1,1,12.910244406463272,0.47456795629390125
Pamela Glenn,Ernakulam,1.0,2.5510835913312695,0.0,0,0,12.565619112696986,0.3131898762403835
Brian Diaz,Ernakulam,1.0,3.0,1.0,0,0,12.244041132667926,0.36302820827294013
Tanya Thomas,Trivandrum,5.0,4.0,2.0,0,1,12.90291469165949,0.4068904002675884
Jason Davis,Trivandrum,3.0,1.0,2.0,1,1,13.20437654245099,0.8510424796521352
Shawna Hester,Kollam,2.0,2.0,3.0,0,0,12.212729539165947,0.1488906232578883
James Pearson,Kollam,1.0,4.0,2.0,1,1,12.28863841376168,0.11147285093098452
Christopher Lynn,Trivandrum,5.0,2.0,0.0,0,0,12.689251011788297,0.27162448433493147
Danielle Cruz,Ernakulam,4.0,4.0,2.0,0,0,12.516818309315445,0.18106812353662613
Jorge Jones,Palakkad,1.0,1.0,1.0,1,1,12.987028920235463,0.7252313524361692
Brandi Banks,Thrissur,2.0,4.0,0.0,0,1,12.533808005122383,0.20363474188872785
Kelly Robinson,Kollam,3.0,4.0,3.0,0,0,12.448148484720752,0.18795852380421454
Laura Castillo,Thrissur,5.0,3.0,3.0,0,0,13.06241556150309,0.7112275616010704
Rachel Phillips,Palakkad,5.0,2.0,1.459320288362513,0,1,13.001233509848976,0.7782584457576096
Kimberly Flynn,Ernakulam,4.0,4.0,2.0,0,0,13.153933165965514,0.8189987735533505
Laura Hardy,Trivandrum,4.0,2.0,3.0,1,0,12.970484441877533,0.8328241721485117
Benjamin Davis,Trivandrum,4.0,2.0,2.0,1,0,12.30687299943722,0.06810123759616457
Suzanne Jones,Kollam,4.0,4.0,1.0,0,0,12.398053195363019,0.12944586910469397
Jason Kelley,Thrissur,3.0,3.0,2.0,1,1,12.89706044630686,0.5227115620470509
Renee Mcguire,Palakkad,4.0,1.0,1.0,1,0,12.93140992072501,0.4940350094770879
Daniel Adams,Palakkad,4.0,3.0,0.0,1,1,12.929422983796881,0.4701750473854387
Jessica Hart,Trivandrum,5.0,2.0,3.0,1,1,12.957279066008837,0.41893187646337393
Daniel Odonnell,Kollam,4.0,3.0,3.0,0,1,13.093794114806899,0.6973798639759171
Lori Adams,Palakkad,3.0,1.0,2.0,0,0,12.500202945902332,0.36860296577098894
Jessica Wood,Trivandrum,5.0,4.0,1.0,0,1,12.987596616312022,0.5934440851822946
Tracy Weber,Palakkad,5.0,1.0,2.0,1,1,12.751014698883933,0.32161890957743344
Matthew Gould,Trivandrum,1.0,3.0,0.0,0,1,12.988012494803886,0.8040138253985952
Gina Powell,Palakkad,4.0,2.0,0.0,0,0,12.944878688084083,0.5820938789162673
Adam Martinez,Thrissur,4.0,3.0,2.0,1,1,12.874434081663113,0.34599174935890287
Randy Mcclure,Trivandrum,1.0,4.0,3.0,0,1,12.760862521748901,0.5376296131118297
Linda Rice,Palakkad,4.0,2.0,2.0,1,1,13.116226525388923,0.7958300813914595
Amanda James,Trivandrum,2.0,4.0,1.0,0,1,12.990132030782249,0.8306388672092765
Mitchell Hall,Thrissur,1.0,4.0,0.0,1,0,12.549770961043127,0.186754376184636
Taylor Morris,Trivandrum,3.0,4.0,2.0,0,1,13.112932607156171,0.9294012710447098
Nicole Williams MD,Trivandrum,3.0,2.5510835913312695,3.0,1,0,12.829577334480247,0.7353997101126103
Alexander Vance,Palakkad,3.0,3.0,2.0,0,1,13.103738954552622,0.9711896532500838
Sandy Medina,Trivandrum,1.0,3.0,1.0,0,0,12.184626410250107,0.2807001895417549
Daniel Beasley,Thrissur,3.0,2.0,3.0,0,0,12.747946573329424,0.6919611996878137
Stephanie Haynes,Ernakulam,2.0,1.0,2.0,0,1,12.755155903453097,0.6481213067231576
Betty Santiago,Kollam,5.0,2.0,2.0,1,1,12.881834472831521,0.3425353997101126
Lauren Hooper,Palakkad,1.0,4.0,3.0,0,1,12.99410175511726,0.8047719924183299
Betty Mckenzie,Palakkad,5.0,3.0,2.0,1,0,12.603961224088165,0.07389898539413534
Debbie Smith,Trivandrum,5.0,2.0,0.0,1,0,13.182005870030919,0.9632734976028544
Tom Young,Palakkad,2.0,1.0,1.0,0,1,11.964637569628785,0.0645556918274055
James Quinn,Trivandrum,4.0,3.0,2.0,1,1,12.940391615425034,0.5363808674322669
Miss Kimberly Parker MD,Trivandrum,2.0,3.0,2.0,0,0,12.674205275547958,0.49117894420975405
Jamie Johnson,Palakkad,5.0,4.0,2.0,1,1,13.005443801359378,0.49117894420975405
Stephen Flores,Ernakulam,2.0,1.0,2.0,0,0,13.029477374906424,0.984123090645557
Timothy Good,Palakkad,3.0,1.0,3.0,1,0,12.781643303483447,0.5566283866651801
Laurie Gay,Trivandrum,2.0,3.0,1.0,0,0,12.978963058156081,0.7207715464377301
Brett Moore,Trivandrum,1.0,4.0,0.0,1,0,12.587364043061694,0.3589251867543761
Sonya Johnson,Thrissur,1.0,4.0,0.0,0,1,12.405654057028812,0.15963875571412642
Emma Willis,Ernakulam,3.0,2.0,3.0,0,1,12.38556775334455,0.14418552792953507
Ryan Owens,Palakkad,5.0,4.0,1.0,1,1,13.25752882423479,0.8448433493143049
Curtis Rice,Ernakulam,2.0,1.0,0.0,0,0,13.016690790835218,0.7133013713903446
Carrie Watson,Trivandrum,1.0,3.0,1.459320288362513,1,0,12.612589999833082,0.4105474411863085
Anthony May,Kollam,1.0,1.0,1.0,0,1,11.904447079485703,0.07155758724495484
Margaret Hickman,Ernakulam,4.0,4.0,2.0,1,0,13.154305531380157,0.7381647898316424
Alicia Camacho,Ernakulam,2.0,1.0,1.0,1,0,13.113966885318192,0.9914817705429816
Christina Rush,Ernakulam,1.0,3.0,3.0,0,1,12.57269030148117,0.3777901661277735
Annette Smith,Palakkad,5.0,3.0,2.0,0,0,12.908112196510356,0.5754933660385774
Mitchell Riley,Trivandrum,4.0,1.0,0.0,1,1,12.805302887773973,0.3639647675326124
Kelly Pace,Palakkad,3.0,4.0,3.0,0,1,12.890545840611543,0.4284089642100569
Brandon Campbell,Thrissur,4.0,4.0,0.0,0,0,12.234717923839645,0.01429367822499722
Alexandria Brennan,Ernakulam,5.0,2.0,3.0,0,1,12.43117894938478,0.10759281971234252
Jay Russell,Kollam,5.0,2.0,3.0,1,0,13.303069730458752,0.9020180622142938
Kaitlin Guerrero,Thrissur,4.0,1.0,1.0,0,1,12.728749070339026,0.5504961534173264
Michael Herrera,Kollam,1.0,4.0,0.0,0,0,12.952588398098667,0.7610881926636193
Dr. Joe Robinson,Trivandrum,1.0,3.0,2.0,1,1,12.72725400311096,0.35263686029657715
Brandon Fuller,Palakkad,1.0,4.0,2.0,1,0,12.150104017731667,0.004972683688259552
Emily Nelson,Palakkad,5.0,3.0,2.0,1,0,12.827791867182867,0.23353774110826178
Katrina Floyd,Kollam,2.0,2.0,1.0,1,0,13.049565970699803,0.9312966885940462
Noah Brewer,Thrissur,5.0,3.0,1.0,0,1,13.057688783009212,0.7830081391459472
Barbara Miller,Thrissur,2.0,3.0,2.0,1,1,13.08945010962899,0.9028654253539973
Larry Jordan,Palakkad,3.0,1.0,3.0,0,0,12.829577334480247,0.28875013936893745
Sierra Maldonado,Trivandrum,3.0,4.0,1.0,0,1,12.28939926295722,0.011104916936113263
Nicole Welch,Thrissur,5.0,2.0,2.0,1,1,13.302404469246895,0.928197123425131
Leslie Mitchell,Ernakulam,4.0,4.0,3.0,1,0,12.473805167393076,0.004861188538298575
Jennifer Jones,Trivandrum,5.0,2.0,2.0,0,0,12.62438342689328,0.2019177165793288
Julia Ryan,Trivandrum,5.0,2.0,0.0,1,0,13.24646111772433,0.8784256884825511
Scott Brady,Thrissur,1.0,3.0,3.0,1,1,12.51397880057102,0.17246069795963878
Lauren Gross,Trivandrum,4.0,2.0,3.0,1,0,12.704343831096784,0.34144274724049506
Melvin Mason,Thrissur,3.0,4.0,1.0,1,0,13.156648333571114,0.8788270710224106
Charles Baker,Thrissur,5.0,2.0,3.0,1,0,13.330125949592228,1.0
Arthur Hall,Kollam,4.0,1.0,1.0,1,0,12.745702466506584,0.3168692161890958
Joshua Gay,Thrissur,3.0300518134715024,2.0,3.0,0,0,12.396991720849421,0.06879250752592261
Alex Mahoney,Thrissur,3.0,4.0,1.0,1,0,13.016859940422625,0.49117894420975405
Jessica James,Thrissur,4.0,4.0,0.0,1,1,12.691732511290152,0.0861188538298584
Kayla Oliver,Ernakulam,1.0,3.0,0.0,0,1,12.277740349793516,0.028542758390010026
Gabrielle Rush,Thrissur,3.0,3.0,1.0,0,1,13.05080690126062,0.6821273274612555
Anthony Thompson,Ernakulam,2.0,1.0,0.0,1,1,12.680979080109875,0.3683353774110827
Rodney Yang,Palakkad,4.0,3.0,3.0,1,0,12.919491142553976,0.4709555134351656
Bryce Miranda,Palakkad,3.0,4.0,1.0,0,1,12.36016605228879,0.08870554130895306
Rebecca Waller,Thrissur,1.0,3.0,2.0,0,0,12.712040338635276,0.5922176385327239
Crystal Gibson,Kollam,2.0,3.0,3.0,0,0,12.765443374869763,0.6563273497602855
Kenneth Lee,Thrissur,5.0,4.0,2.0,1,0,13.163838835170962,0.5500947708774669
Emily Perez,Trivandrum,2.0,1.0,0.0,0,1,12.988443086311456,0.901126101014606
Ashley King,Kollam,4.0,4.0,0.0,0,1,13.23873231146796,0.8345188984279185
Jean Larson,Thrissur,4.0,4.0,0.0,1,1,13.216153420568006,0.8629724606979597
Jeffrey Long,Palakkad,2.0,3.0,1.0,1,0,12.72567281016923,0.5147954063998217
Natalie Martin,Palakkad,3.0,4.0,2.0,1,1,12.985161554125892,0.3798193778570632
Michael Guzman,Palakkad,1.0,4.0,1.0,1,1,12.771495312291382,0.47276173486453343
Kimberly Williams,Palakkad,3.0,4.0,1.0,1,1,12.9437061945839,0.522488571747129
Tammy Montes,Thrissur,5.0,1.0,3.0,0,1,13.045438660408472,0.6104805440963319
Mikayla Payne,Trivandrum,1.0,1.0,0.0,1,0,12.50328910838349,0.2313524361690267
Brady Oneal,Thrissur,3.0,3.0,3.0,0,0,12.612826389656847,0.4648232801873119
Brian Morris,Trivandrum,5.0,4.0,0.0,1,0,13.222153271923224,0.8515553573419558
Sean Schmidt,Palakkad,4.0,3.0,2.0,1,0,12.829577334480247,0.7092206489017729
Sandra Cunningham,Trivandrum,5.0,2.0,0.0,0,0,12.987790208033088,0.49117894420975405
Cody Anderson,Trivandrum,4.0,4.0,0.0,0,1,12.674798677746274,0.10881926636191327
Adriana Jones MD,Ernakulam,1.0,1.0,1.0,0,1,12.455868838541624,0.41273274612554367
Cassandra Smith,Kollam,5.0,3.0,0.0,1,1,13.13681557941394,0.5887612888839335
David Harris,Thrissur,3.0,4.0,0.0,1,1,12.906500482670625,0.5288437952949047
Mr. Brian Nelson V,Palakkad,3.0,2.0,0.0,0,0,12.570798255715145,0.186642881034675
Alicia Shelton,Ernakulam,5.0,2.5510835913312695,1.459320288362513,0,0,12.926079965943895,0.6415876909354443
Kayla Jackson,Palakkad,2.0,4.0,2.0,1,1,12.765861418502823,0.35524584680566396
Katelyn Montoya,Kollam,3.0,2.0,2.0,1,1,13.216896764674347,0.9621139480432602
David Knapp,Trivandrum,3.0300518134715024,3.0,3.0,0,0,12.77078724099672,0.6424573531051401
Dana Chambers,Trivandrum,2.0,1.0,0.0,0,1,12.965707742795884,0.7442524250195117
Vicki Thompson,Ernakulam,2.0,4.0,1.0,0,0,13.057305425385893,0.9720147173597949
Ashley Banks,Palakkad,1.0,2.0,2.0,0,1,12.438266281012918,0.24464265804437504
Jennifer Figueroa,Trivandrum,3.0300518134715024,1.0,3.0,1,1,13.055267455570176,0.8590032333593489
Christopher Robbins,Trivandrum,5.0,4.0,2.0,0,0,12.882987720388394,0.43224439736871456
Matthew Martinez,Kollam,3.0,1.0,1.0,0,1,12.610363230823047,0.38158100122644667
Christopher Walker,Palakkad,3.0,4.0,0.0,1,1,12.434943683434001,0.003233359348868328
Samantha Love,Thrissur,4.0,3.0,1.0,1,0,12.58593778619269,0.07983052737205934
Amanda Thomas,Trivandrum,2.0,3.0,1.0,0,1,12.319942211320667,0.19723492028096776
Crystal Snow,Thrissur,5.0,3.0,2.0,1,0,13.166440816011646,0.6509978815921508
Lisa Ayers,Kollam,1.0,2.0,3.0,0,1,12.983788843780287,0.8445311628944142
Joseph Mason,Palakkad,1.0,2.0,3.0,1,1,12.72745504988488,0.6419890734753039
Sarah Tyler,Trivandrum,4.0,1.0,0.0,0,0,12.65819561431762,0.26778905117627383
Dawn Sanchez,Trivandrum,3.0,1.0,2.0,0,0,13.096411193887448,0.973977031999108
Lisa Wright,Kollam,5.0,2.5510835913312695,2.0,1,1,13.152694948943916,0.5301817370944365
Rhonda Aguilar,Trivandrum,2.0,3.0,0.0,1,0,12.327283532718102,0.06393131898762403
Lauren Cox,Kollam,4.0,1.0,1.0,1,1,12.58049287640079,0.3417103356004014
David Jimenez,Thrissur,2.0,2.0,1.0,0,1,12.653351416293173,0.4720258668747911
William Romero,Ernakulam,2.0,4.0,2.0,1,1,13.071548389662546,0.814717359794849
Richard Atkins DVM,Ernakulam,3.0,3.0,3.0,0,0,12.602096457871491,0.29630951053629173
Christine Yates,Trivandrum,5.0,4.0,2.0,0,0,12.76650190250992,0.34157654142044824
Colleen Perez,Thrissur,1.0,3.0,2.0,0,0,12.84129223121215,0.6757721039134799
Jesse Smith,Kollam,4.0,1.0,1.0,0,0,12.378031528135798,0.3074367265023972
Scott Ramirez,Kollam,1.0,3.0,1.459320288362513,1,0,12.677330363078346,0.37886051956739886
Alexander Jimenez,Palakkad,5.0,2.0,0.0,0,0,12.534841897337603,0.23641431597725496
Joseph Gonzales,Trivandrum,3.0,1.0,3.0,1,0,13.05801410769091,0.7577656371947821
Caleb Bond,Kollam,4.0,1.0,1.0,0,1,12.283891836868586,0.18592931207492477
Carlos Sparks,Ernakulam,2.0,1.0,1.0,1,0,12.927953603626337,0.7554911361355783
John Thompson,Kollam,2.0,1.0,1.0,1,0,13.170654331274745,0.9497825844575761
Bryan Bates,Palakkad,5.0,2.0,1.0,1,1,12.979731108580712,0.5986843572304607
Jason Armstrong DDS,Ernakulam,5.0,2.0,3.0,1,0,12.753848156073769,0.49117894420975405
Tammy Griffin,Ernakulam,1.0,4.0,3.0,1,0,13.261071982605923,0.9748020961088194
Gregory Meadows,Trivandrum,3.0,3.0,1.0,0,0,12.875515484998559,0.6235923737317427
Monique Mueller,Palakkad,2.0,3.0,2.0,1,1,13.223631717521346,0.9347976363028209
Teresa Mason,Palakkad,4.0,1.0,0.0,1,0,12.813509393414442,0.385394135355112
Kenneth Hogan,Thrissur,1.0,3.0,1.0,0,1,12.487563932050103,0.17727728843795296
Allen Turner,Trivandrum,2.0,2.0,0.0,0,1,12.810014744689479,0.6528264020515109
Joy Williams,Kollam,1.0,1.0,0.0,1,0,12.345471565498933,0.23126324004905782
Troy Simmons,Trivandrum,3.0,3.0,0.0,1,0,12.851189806687435,0.417348645333928
Deanna Reilly,Palakkad,3.0,4.0,1.0,1,0,12.737647213399203,0.34670531831865314
Dorothy Brown,Thrissur,5.0,4.0,2.0,1,0,13.259440449172681,0.8828185973910135
Tammy Ross,Ernakulam,3.0300518134715024,4.0,3.0,1,1,13.172553951018749,0.7902553238934107
Laura Morales,Kollam,3.0,2.0,1.459320288362513,1,1,12.842239258199347,0.6241944475415321
Patrick Ellis MD,Thrissur,3.0,3.0,1.459320288362513,1,0,12.496257383699966,0.07592819712342513
Walter Knapp,Palakkad,3.0,1.0,1.0,1,0,12.401000861746581,0.11263240049057865
Bradley Kane,Palakkad,1.0,2.0,2.0,0,1,12.146961396736888,0.1200802765079719
Antonio Hawkins,Kollam,3.0,3.0,3.0,0,1,13.087261305392397,0.8299029992195341
Michael Collins DDS,Palakkad,1.0,1.0,3.0,1,0,12.960266429448053,0.832645779908574
Carrie Silva,Thrissur,5.0,4.0,1.0,0,0,12.743404611693522,0.3525922622365928
Timothy Turner,Thrissur,2.0,2.0,3.0,1,0,13.154702021041942,0.49117894420975405
Sean Odom,Thrissur,1.0,3.0,3.0,1,1,13.10810882225373,0.783565614895752
Eric Reyes,Trivandrum,3.0300518134715024,1.0,2.0,1,1,12.642338761369354,0.09193890065782137
Matthew Williams,Trivandrum,3.0300518134715024,3.0,3.0,1,0,12.676354079934482,0.10926524696175718
Christine Hicks,Kollam,1.0,1.0,2.0,0,1,12.125778114485128,0.2022076039692274
Benjamin Matthews,Kollam,5.0,2.5510835913312695,2.0,1,1,12.680322278978293,0.2927862637975248
Mrs. Dawn King,Palakkad,4.0,3.0,2.0,1,0,13.034634856055415,0.5262794068458023
Dustin Bird,Thrissur,4.0,1.0,1.0,1,1,12.623870952775478,0.17736648455792173
Dr. Hannah Lewis,Palakkad,4.0,2.0,3.0,0,0,13.050098917245373,0.8609878470286544
Benjamin Carter,Kollam,1.0,4.0,3.0,0,0,12.584847037835289,0.44080722488571755
Tanya Porter,Palakkad,4.0,4.0,2.0,1,1,13.038946854812325,0.6054186642881035
Dawn Key,Kollam,2.0,2.0,3.0,0,1,12.933366679343575,0.6305273720593155
Raymond Smith,Palakkad,3.0,2.5510835913312695,1.0,0,1,12.258835953917513,0.05182294570186197
Robert Walter,Kollam,1.0,4.0,1.0,1,1,12.964692090840906,0.7548221652358124
Benjamin Buchanan,Palakkad,2.0,1.0,0.0,0,1,12.530582437998135,0.3176942802988071
Jessica Fields,Palakkad,5.0,4.0,1.0,1,0,12.916110275934333,0.34701750473854387
Jeremiah Cuevas,Ernakulam,3.0,1.0,2.0,1,0,12.711831555151056,0.4103021518563943
Kathleen Gonzales,Ernakulam,4.0,4.0,0.0,1,1,12.787734704374982,0.19904114171033563
Leslie Anderson,Kollam,5.0,3.0,0.0,0,1,13.038933723832892,0.49117894420975405
Johnny Garner,Thrissur,5.0,3.0,3.0,0,0,12.582141932447994,0.0703534396253763
Steven Stokes,Ernakulam,3.0,4.0,1.0,0,0,12.908096511485285,0.7296911584346082
Melissa Cruz,Ernakulam,2.0,1.0,2.0,0,0,12.892939974030394,0.8599620916490133
Scott Fox,Palakkad,3.0,1.0,1.0,1,0,12.368590735027595,0.2057531497379864
Sabrina Hoover,Palakkad,1.0,2.0,0.0,0,1,12.704472447542157,0.6036793399487123
Timothy Anderson,Palakkad,4.0,1.0,1.0,0,0,12.237191977085038,0.1278403389452559
Michelle Escobar,Kollam,3.0300518134715024,3.0,1.0,0,1,12.829577334480247,0.7146616122198686
Mrs. Joanne Garza DVM,Kollam,3.0,1.0,1.0,1,1,12.342804785294035,0.02885494480990075
Elizabeth Moreno,Palakkad,1.0,2.5510835913312695,1.0,0,0,12.443159771797788,0.36483442970230795
Abigail Massey,Kollam,1.0,1.0,1.0,1,1,12.126413989099516,0.002854275839000997
Mrs. Carolyn Dean MD,Palakkad,1.0,2.5510835913312695,1.459320288362513,1,1,12.552097290845447,0.19516111049169357
Elizabeth Harris,Ernakulam,1.0,4.0,2.0,0,1,12.738496636227554,0.35161110491693615
Dr. Kathleen Galvan MD,Kollam,3.0,3.0,2.0,0,1,12.573938823350673,0.2563273497602855
Haley Clark,Ernakulam,5.0,1.0,2.0,0,0,12.331694212803457,0.16916044152079387
Heidi Simmons,Ernakulam,1.0,4.0,1.0,1,1,12.528440705657252,0.0865425353997101
William Anderson,Trivandrum,5.0,1.0,2.0,1,0,12.995388137594095,0.45985059649905224
Stephen Munoz,Palakkad,2.0,4.0,3.0,0,0,12.360342832501884,0.04317092206489018
Brandon Holt,Kollam,3.0,1.0,0.0,1,0,12.829577334480247,0.05893633626937228
Cynthia Romero,Ernakulam,2.0,3.0,2.0,1,0,12.829577334480247,0.49117894420975405
Veronica Taylor,Trivandrum,3.0,4.0,2.0,1,1,12.771684364746049,0.24635968335377414
Dr. Timothy Ramirez,Kollam,5.0,2.0,3.0,1,0,12.799928715384759,0.24254654922510868
Melody Hancock,Thrissur,2.0,2.0,1.0,0,0,12.940890396468019,0.7882038131341287
Christina Mullins,Ernakulam,4.0,1.0,0.0,0,1,12.339289563712791,0.1492920057977478
Ashlee Clark,Trivandrum,2.0,2.0,0.0,1,0,12.37917155414569,0.006065336157877119
William Adams,Thrissur,2.0,4.0,2.0,0,1,13.134010090369578,0.9283086185750921
Karen Lyons,Palakkad,3.0,4.0,0.0,0,1,12.964225331923362,0.5845021741554244
Sara Jones,Palakkad,3.0300518134715024,1.0,1.459320288362513,1,1,12.883325350510667,0.36131118296354114
Lisa Rodriguez,Ernakulam,2.0,1.0,0.0,1,1,13.169345927871674,0.9782361467276174
Allen Wiley,Trivandrum,1.0,3.0,2.0,1,0,13.167555323363143,0.9545768759058982
Melissa Ward,Trivandrum,3.0300518134715024,2.5510835913312695,2.0,0,1,12.450711978181232,0.09782584457576096
Richard Nichols,Ernakulam,2.0,1.0,0.0,0,0,12.685942969705948,0.5167131229791504
Larry Bradley,Palakkad,3.0,4.0,2.0,1,1,13.2627171272356,0.49117894420975405
Jason Gonzalez,Trivandrum,1.0,4.0,0.0,1,1,13.006168380147232,0.5576318430148289
Steven Davis,Thrissur,1.0,3.0,3.0,0,1,12.407130247952354,0.14434162113948043
Sarah Brown,Thrissur,4.0,1.0,0.0,0,0,12.311820796047899,0.0
Danielle Williams,Palakkad,5.0,1.0,1.459320288362513,0,1,12.634380591409014,0.38068904002675885
Andrew Estrada,Palakkad,2.0,1.0,2.0,1,0,13.092810789743474,0.8234808785817819
Chelsea Hurley,Trivandrum,1.0,2.0,3.0,0,0,13.04589455910666,0.9913256773330362
Michelle Davis,Trivandrum,5.0,2.5510835913312695,0.0,1,1,12.688111713695411,0.36131118296354114
Brent Weaver,Thrissur,1.0,1.0,2.0,0,0,12.442382183612894,0.3792619021072583
Susan Garner,Thrissur,4.0,1.0,1.0,0,0,13.055959458827623,0.8229680008919613
Anna Butler,Trivandrum,3.0,4.0,3.0,0,1,12.59460964495207,0.24604749693388342
Robert Smith,Palakkad,5.0,4.0,1.0,1,1,13.24582676482733,0.6758167019734642
Samantha Steele,Palakkad,4.0,3.0,3.0,0,0,13.033295392500227,0.6324450886386443
Christian Bailey,Trivandrum,3.0,3.0,0.0,1,0,12.475745330619525,0.20278737874902444
Judy Holland,Ernakulam,5.0,2.0,2.0,0,1,13.066781447319425,0.6613669305385216
Heather Russell,Thrissur,3.0,3.0,2.0,0,1,12.971829562162757,0.6759727951834096
David Gutierrez,Trivandrum,5.0,1.0,0.0,1,1,12.633057826848248,0.2076708663173152
Jill Parks DDS,Thrissur,1.0,3.0,0.0,1,1,12.684804355272465,0.40008919611996885
David Bates,Palakkad,1.0,2.0,1.0,1,1,12.824278368222124,0.5960753707213737
John Russell,Kollam,5.0,4.0,3.0,1,1,13.276585860367966,0.9513881146170141
Mark Martinez,Kollam,3.0,3.0,0.0,0,0,12.713296550888554,0.4880811684691717
Aaron Garrett,Kollam,3.0,4.0,2.0,1,1,13.121773643545495,0.6761734864533394
Robert Russell,Thrissur,5.0,4.0,0.0,0,1,12.923045111441427,0.3627383208830416
Antonio Todd,Palakkad,3.0,1.0,0.0,0,0,12.953439177893221,0.7189876240383545
Karen Luna,Ernakulam,4.0,4.0,1.459320288362513,1,1,13.030940787121915,0.5750696844687256
Frank Kim,Thrissur,1.0,1.0,0.0,1,1,12.088115400950297,0.017683130783810896
Laura Anderson,Trivandrum,1.0,4.0,3.0,1,1,12.90415194317968,0.5999554019400157
Brad Chan,Ernakulam,5.0,4.0,1.0,1,1,13.14452412411095,0.5744453116289443
Ashley Chavez,Palakkad,4.0,4.0,0.0,0,1,13.112529543365143,0.9435165570297693
Elizabeth Lopez,Kollam,5.0,4.0,0.0,0,1,12.975287157801738,0.6548556137808007
Stephen Bray,Palakkad,4.0,2.0,3.0,1,1,13.076071931835784,0.7267922845356228
Bradley Williams,Trivandrum,4.0,4.0,3.0,0,0,12.839753327140434,0.36791169584123096
Matthew Hensley,Ernakulam,5.0,3.0,0.0,1,0,13.001544663736382,0.5765860185081949
Jennifer Bell,Trivandrum,1.0,4.0,0.0,0,0,12.825101161571542,0.6545434273609099
Melissa Norton,Kollam,3.0300518134715024,2.0,0.0,1,1,12.964935864619392,0.5601962314639314
Michael Ramirez,Palakkad,2.0,1.0,1.0,1,0,12.99411171387708,0.49117894420975405
Rebecca Lee,Ernakulam,5.0,4.0,1.0,1,0,13.247561396220753,0.9633849927528152
Gregory Rodriguez,Thrissur,5.0,1.0,1.0,0,1,12.505380661538464,0.1852157431151745
Brian Morrow,Palakkad,4.0,4.0,0.0,0,0,13.084402515105577,0.7702976920503959
Robert Knox,Ernakulam,3.0,2.0,3.0,0,1,13.019875908370443,0.761868658713346
Robert Mckay,Ernakulam,3.0,2.0,1.0,0,0,12.87998264739774,0.49117894420975405
Michael Padilla,Thrissur,3.0,1.0,0.0,0,0,12.522347240418705,0.42345857955178956
Scott Mcdonald,Ernakulam,3.0,1.0,0.0,1,0,12.67017307261308,0.30369048946370836
Caleb Adams,Kollam,3.0,4.0,1.0,1,0,12.583335859047743,0.015497825844575763
Kimberly Allen,Kollam,1.0,2.5510835913312695,0.0,0,1,12.829382598234636,0.6736090980042369
Jasmin Hendrix,Kollam,3.0,1.0,1.0,1,1,12.565369025501116,0.19014382874344962
Brandi Snyder,Thrissur,2.0,2.0,2.0,1,0,12.864938219444076,0.5599063440740328
Carlos Swanson,Ernakulam,3.0,2.0,0.0,0,0,12.832323220188096,0.5912364812130673
Rachel Lloyd,Trivandrum,4.0,1.0,2.0,0,0,12.829577334480247,0.6349425799977702
Amanda Kelley,Thrissur,1.0,3.0,3.0,0,0,12.832444645493608,0.5488683242278961
Katherine Anderson,Trivandrum,1.0,1.0,2.0,0,1,12.967401982369621,0.8609432489686699
Jeremy Whitney,Ernakulam,2.0,1.0,0.0,0,0,12.736581889511282,0.5677333036012934
Briana Miller,Ernakulam,2.0,3.0,3.0,1,0,13.132717923581177,0.8658044375069686
Laura Baker,Ernakulam,4.0,3.0,3.0,1,1,13.222664246611618,0.9514327126769987
Emma Wheeler,Trivandrum,4.0,1.0,1.0,1,1,12.64952697163315,0.19322109488237263
Omar Mcclure,Thrissur,4.0,3.0,0.0,0,1,12.860393495157945,0.5268591816255993
Laura Lewis,Kollam,2.0,1.0,1.0,1,1,12.606584875026535,0.36400936559259667
Bradley Edwards,Ernakulam,4.0,4.0,3.0,0,0,13.089041788552175,0.8468725610435947
Debra Walker,Palakkad,4.0,1.0,0.0,0,0,13.064117697410579,0.9344631508529381
Christopher Jones,Kollam,4.0,1.0,3.0,1,1,12.714330174561882,0.3107146839112499
James Herman,Ernakulam,2.0,1.0,0.0,1,1,13.178365208215464,0.9005017281748245
Nicole Steele,Trivandrum,4.0,2.5510835913312695,0.0,0,0,13.135428258945762,0.8171925521239827
Jonathan Diaz,Trivandrum,1.0,3.0,0.0,1,1,12.69465493028492,0.4063106254877913
Dana Davis,Kollam,5.0,1.0,0.0,1,0,13.067148572356047,0.6858066674099678
Jessica Ramirez,Trivandrum,1.0,2.0,0.0,0,1,12.91651455633781,0.7260787155758726
Lori Sandoval,Palakkad,3.0,4.0,0.0,1,1,12.799195105281726,0.3380532946816813
Daniel Mora,Palakkad,5.0,2.0,2.0,0,1,13.241856647553412,0.8828185973910135
Douglas Serrano,Thrissur,5.0,4.0,1.0,1,0,13.157811135752802,0.6526034117515889
Alexandra Holmes,Trivandrum,3.0,2.0,1.0,1,1,12.76521480703659,0.37350875236927195
Travis Andrews,Palakkad,1.0,4.0,2.0,0,0,12.710578904101554,0.6405842345857956
April Thompson,Palakkad,4.0,3.0,3.0,1,1,12.793931863355821,0.3314527818039915
Nicole Mueller,Kollam,3.0,4.0,2.0,0,1,12.645856439412604,0.23057197011929983
Douglas Herrera,Ernakulam,5.0,3.0,2.0,1,1,12.635027692086494,0.07314081837440073
Samuel Robinson,Kollam,1.0,2.0,1.0,1,1,12.585320977600759,0.31100457130114845
Sandra Dodson,Palakkad,5.0,2.0,2.0,1,0,13.167553086755882,0.8845356227004126
April Garza,Ernakulam,3.0,1.0,2.0,1,0,12.465178028684571,0.1365146616122199
Rebecca Barnes,Thrissur,4.0,3.0,1.0,1,0,12.817709969763484,0.39826067566060885
Patrick Andrade,Kollam,5.0,2.0,1.0,1,1,12.411424254765183,0.029568513769651
Frank Perez,Ernakulam,3.0,4.0,0.0,1,1,13.225564018210886,0.964499944252425
Mary Spencer,Ernakulam,5.0,4.0,1.0,0,0,12.936417701416568,0.5712788493700525
Laura Guzman,Palakkad,2.0,2.0,3.0,1,1,12.979982797388447,0.7878247296242614
Jennifer Moses,Trivandrum,4.0,2.5510835913312695,3.0,0,1,12.87774444702446,0.41665737540417
Andrew Hubbard,Kollam,5.0,4.0,2.0,1,0,13.150030546976197,0.7033783030438177
Brandon Howe,Ernakulam,4.0,2.0,1.0,1,1,12.832137672661098,0.40486118853829867
Kelsey Murphy,Trivandrum,1.0,2.0,1.459320288362513,1,1,12.815795743422985,0.49089084624818824
Eddie Nguyen,Palakkad,4.0,4.0,0.0,0,0,12.738358698150257,0.37431151744899094
Leslie Bryan,Ernakulam,1.0,3.0,0.0,1,0,12.299528106406221,0.03275727505853496
Connie Shaw,Palakkad,5.0,3.0,3.0,0,0,12.46445062917319,0.16200245289329915
Sarah Castillo,Thrissur,4.0,2.0,0.0,1,0,12.702561791348078,0.3802876574868993
Kayla Wright,Trivandrum,1.0,4.0,1.0,1,1,12.489730469043112,0.08549448099007692
Sarah Nunez,Kollam,4.0,4.0,3.0,1,0,12.686068157983588,0.01844129780354556
Marie Burns,Kollam,2.0,2.0,3.0,1,0,13.052555080691432,0.8136247073252315
Andrew Hickman,Ernakulam,5.0,3.0,2.0,0,0,12.413285413078757,0.0016278291894302466
George Brown,Ernakulam,5.0,4.0,2.0,0,0,12.77775222951842,0.3813357118965325
Veronica Taylor,Trivandrum,3.0,1.0,3.0,0,1,12.658394621623016,0.3982383766306167
David Davis,Palakkad,3.0,4.0,0.0,1,1,13.102233279695566,0.7888504850039024
Matthew Pratt,Kollam,5.0,4.0,2.0,1,1,13.188765255164155,0.7269706767755604
Thomas Thornton,Kollam,3.0,4.0,1.0,0,1,13.212456334777517,0.968268480321106
Justin Martin,Palakkad,2.0,1.0,0.0,0,1,12.063361533626528,0.21739324339391233
William Mahoney,Palakkad,3.0,2.0,0.0,1,0,12.318408159234068,0.010592039246292775
Michelle Young,Trivandrum,4.0,1.0,3.0,1,1,12.989824543458997,0.6623480878581782
Anna Roy,Trivandrum,3.0300518134715024,3.0,1.0,0,1,12.738292100543836,0.5306500167242725
Donald Johnson,Palakkad,4.0,2.0,3.0,0,0,13.054290768060534,0.7279518340952169
Joseph Meyer,Ernakulam,4.0,2.0,1.0,0,1,12.599859797633203,0.23574534507748915
Kelly Lutz,Trivandrum,1.0,1.0,3.0,0,0,12.325266862779047,0.21295573642546553
Rachel Morris,Trivandrum,5.0,2.5510835913312695,0.0,1,1,13.139512742814158,0.8047273943583455
Kelly Thomas,Kollam,4.0,4.0,2.0,0,0,12.458334436032859,0.49117894420975405
Tami Johnson,Trivandrum,4.0,1.0,0.0,1,1,12.85474878606075,0.505920392462928
Sherry Peterson,Ernakulam,4.0,1.0,0.0,1,0,12.843401202565456,0.5507637417772328
Courtney Ellis,Trivandrum,4.0,3.0,0.0,0,1,12.769705667849268,0.36722042591147286
Heidi Baker,Trivandrum,1.0,1.0,1.0,0,0,12.959477415852646,0.8834206712008029
Roger Pham,Thrissur,3.0300518134715024,1.0,2.0,1,1,13.085119411598008,0.9055413089530605
Zachary Long,Palakkad,4.0,3.0,3.0,1,0,12.99203015660054,0.630237484669417
Scott Harrison,Kollam,2.0,3.0,0.0,1,0,13.062422399350236,0.9304493254543428
Mr. Darren Elliott Jr.,Trivandrum,4.0,1.0,1.0,0,0,12.948281786652897,0.6571747128999889
Jill Shelton,Trivandrum,3.0,3.0,2.0,0,0,13.102992222210672,0.9657040918720036
John Brandt,Palakkad,4.0,3.0,3.0,0,0,12.521549149101803,0.16434385104247964
Kristin Vance,Ernakulam,3.0,4.0,3.0,0,0,13.082223920735444,0.8553461924406289
Christopher Macias,Thrissur,3.0,4.0,1.459320288362513,1,0,13.172487109120016,0.9386776675214629
Kristin Mills,Thrissur,1.0,4.0,0.0,0,1,13.127083261207693,0.9967889396811239
Kathryn Walters,Trivandrum,5.0,1.0,2.0,0,1,13.132952454710589,0.8620804994982718
Jared Underwood,Kollam,1.0,3.0,0.0,0,1,12.58998767644052,0.3343070576429925
Jennifer Erickson,Trivandrum,2.0,3.0,2.0,0,0,12.464863224290527,0.2694391793956963
Lisa Shaffer,Ernakulam,4.0,2.0,2.0,0,0,13.126335099663061,0.9693388337607315
Christina Miller,Trivandrum,1.0,4.0,2.0,1,0,12.58826557841565,0.29501616679674436
Stephanie Newton,Kollam,1.0,3.0,2.0,1,0,13.14756228131981,0.8773999331029101
Catherine Clark,Thrissur,1.0,3.0,3.0,1,0,12.592222985319612,0.20370163897870444
John Ayala,Trivandrum,2.0,3.0,1.0,0,1,12.865022635890089,0.6289441409298696
Jennifer Fowler,Kollam,3.0,4.0,0.0,1,0,12.6594365365185,0.17000780466049728
Leon Kelley,Kollam,5.0,2.0,0.0,0,0,12.238907193159447,0.019734641543092873
Matthew Hanna,Thrissur,5.0,2.0,0.0,0,0,13.110721614285781,0.7254320437060988
Michelle Harris,Ernakulam,3.0,4.0,0.0,0,1,12.805024085068146,0.5055636079830528
John Johnson,Trivandrum,1.0,2.0,2.0,0,0,12.908461440516584,0.8539859516111049
Erika Snyder,Palakkad,2.0,2.0,3.0,1,0,13.090421029373111,0.9028877243839893
Debra Smith,Kollam,1.0,1.0,1.0,1,1,12.678260980317896,0.312320214070688
Douglas Brown,Thrissur,1.0,2.0,2.0,0,1,12.33958492547205,0.2062660274278069
Kelly Thompson,Ernakulam,3.0,2.0,1.0,0,0,13.008828341208446,0.7616679674434162
Christine Smith,Trivandrum,5.0,1.0,3.0,0,0,12.763109625482448,0.43554465380755947
Nicole Evans,Ernakulam,4.0,1.0,1.0,1,0,13.083719488256088,0.9118519344408519
Heather Trujillo,Trivandrum,1.0,3.0,1.0,0,1,12.456181347214821,0.21444977143494257
Kathleen Powell,Ernakulam,3.0,2.0,2.0,0,1,12.840985630863644,0.6145166685249193
Cynthia Johnson,Ernakulam,2.0,4.0,3.0,0,1,12.480201815904735,0.2577544876797859
Robert Mason,Trivandrum,4.0,2.0,2.0,1,1,12.549843574632812,0.10297692050395807
Christina Diaz,Kollam,4.0,1.0,3.0,1,1,12.937325566931184,0.47661946705318325
Tara Bell,Ernakulam,2.0,1.0,0.0,1,0,12.511036265613948,0.10219645445423126
Jeffrey Reyes,Palakkad,5.0,2.0,0.0,0,0,12.223239694896936,0.07334150964433045
Tyler Duke,Kollam,5.0,3.0,3.0,1,0,12.812164493589005,0.4348310848478092
Laura Young,Kollam,5.0,3.0,2.0,0,0,13.036155866318818,0.6222098338722266
Jason Kim,Trivandrum,1.0,3.0,3.0,1,0,13.053652494726224,0.8096777790166128
Gabriel Davis,Ernakulam,2.0,1.0,2.0,1,0,12.443210537675217,0.24682796298361023
Savannah Hall,Palakkad,1.0,3.0,0.0,1,1,12.948676553771012,0.6520682350317762
Brian Stephens,Thrissur,2.0,3.0,3.0,1,1,12.899992227711168,0.4521797301817372
Ronald Middleton,Ernakulam,3.0,1.0,1.0,1,1,12.512460125905996,0.012019177165793288
Denise Olson MD,Kollam,3.0,1.0,2.0,0,0,12.833110605382904,0.6611439402385997
Nathan Brady,Kollam,5.0,1.0,1.0,0,0,13.07657280994313,0.7661277734418553
Dawn Kelly,Ernakulam,3.0,1.0,1.0,1,1,12.823547823786338,0.5161110491693612
Christian Alexander,Trivandrum,5.0,2.0,0.0,1,0,12.935265504149754,0.6762849816033003
Gina Wilson,Palakkad,1.0,1.0,2.0,0,0,12.655249456925596,0.5500947708774669
Sherri Mills,Thrissur,3.0,2.0,1.459320288362513,1,0,12.470979098972212,0.23384992752815256
Judith Atkinson,Kollam,5.0,3.0,3.0,0,1,13.01500090360934,0.7056751031330137
Thomas Cabrera,Palakkad,5.0,1.0,0.0,0,1,13.005530257934673,0.6551455011706991
John Sherman,Thrissur,2.0,3.0,1.0,0,1,12.772426027673195,0.6731631174043929
Andrea Lopez,Ernakulam,2.0,4.0,1.0,0,0,12.572972620212367,0.30482773999331025
Johnny Miller,Kollam,2.0,3.0,2.0,1,0,12.792147958014846,0.5969004348310849
Robert Fitzgerald,Thrissur,2.0,1.0,3.0,1,1,12.811883396276544,0.5279964321552013
Robert Maxwell,Palakkad,5.0,4.0,0.0,1,1,13.181064965493732,0.8391124986063108
Misty Davenport,Ernakulam,4.0,4.0,0.0,0,1,12.915982150069915,0.6929646560374625
John Moreno,Trivandrum,5.0,3.0,3.0,1,0,13.043517747946678,0.6163674880142714
Michael Gomez,Trivandrum,2.0,2.0,3.0,1,0,13.087766860158077,0.9620470509532836
Sara Vega,Kollam,2.0,4.0,1.0,1,1,13.12428257456672,0.8488571747129001
Mallory Ellis,Trivandrum,3.0300518134715024,2.0,1.0,1,0,13.03078719753709,0.8088750139368939
Madison Williams,Kollam,3.0,4.0,3.0,1,1,12.860484169277989,0.4084513323670421
Bianca Sherman,Palakkad,5.0,4.0,1.0,1,0,12.949596516774815,0.5012598951945592
Sarah Lopez,Palakkad,3.0300518134715024,4.0,2.0,1,1,13.194877564442741,0.7652581112721598
James Gonzalez,Kollam,3.0,3.0,0.0,1,0,12.523373457747597,0.20260898650908685
Brooke Hall,Trivandrum,4.0,3.0,2.0,1,1,12.888099979119502,0.4601181848589586
Jonathan Perez,Thrissur,4.0,3.0,0.0,0,1,12.564223095374478,0.21817370944363926
Alex Guzman,Thrissur,3.0,4.0,2.0,0,0,12.48573750333009,0.13466384212286764
Randall Lester,Palakkad,4.0,2.0,1.459320288362513,0,1,13.200976220231258,0.8857397703199912
Shawn Savage,Palakkad,1.0,2.0,1.0,0,1,12.842681325946318,0.5815141041364701
Jennifer Powell,Trivandrum,3.0,3.0,1.0,1,1,12.516107326604605,0.1725052960196232
Jennifer Rogers,Thrissur,1.0,3.0,1.0,0,1,12.499334509451494,0.41775002787378757
Kyle Wang,Thrissur,2.0,3.0,2.0,0,1,12.952440470694418,0.7171368045490021
Katherine Hernandez,Thrissur,1.0,1.0,2.0,1,0,12.887058602263243,0.6725164455346193
Kenneth Johnston,Ernakulam,1.0,3.0,2.0,0,1,12.551176663760979,0.35230237484669413
David Washington,Trivandrum,4.0,2.0,0.0,0,0,13.149134452883679,0.8414092986955068
Eric Leblanc,Thrissur,5.0,2.0,2.0,0,1,13.093720581101216,0.689129222878805
Matthew Benson,Ernakulam,1.0,2.0,1.0,0,1,13.087298590812479,0.49117894420975405
Whitney Johnson,Palakkad,1.0,2.0,2.0,0,0,12.390526219625867,0.2893522131787267
Daryl Murphy,Palakkad,1.0,1.0,1.0,1,1,12.657151481445727,0.4978927416657376
Michael Taylor,Thrissur,3.0300518134715024,2.5510835913312695,2.0,1,1,12.507520002734946,0.3567621808451332
Ashley Anderson,Kollam,2.0,1.0,0.0,0,0,12.91630911875824,0.8588694391793957
Jose Miller,Kollam,1.0,3.0,2.0,0,0,12.397264123011695,0.3614672761734865
Austin James,Kollam,2.0,4.0,1.0,1,1,13.084601695347331,0.8033671535288216
Joseph Ellis,Ernakulam,4.0,3.0,0.0,1,1,12.9404787491432,0.5176273832088305
Joseph James,Thrissur,4.0,4.0,3.0,0,0,13.112539520952936,0.7370721373620249
Jodi Miller,Kollam,5.0,4.0,1.0,1,0,12.921676061804064,0.5440294347195898
Jordan Stephens,Palakkad,1.0,1.0,1.0,1,0,12.964085793611272,0.94565726390902
Justin Smith,Kollam,2.0,2.0,0.0,1,0,13.0553710107155,0.9036235923737318
Melissa Myers,Palakkad,1.0,3.0,2.0,1,1,13.070831254499518,0.8124651577656372
Angela Thompson,Palakkad,4.0,1.0,1.0,0,0,13.026559165586283,0.8128665403054968
Victoria Johnson,Trivandrum,3.0,3.0,1.0,0,0,12.141718214113716,0.0492139591927751
Joshua Heath,Thrissur,2.0,2.0,3.0,1,1,13.014360217480405,0.6610101460586466
Mason Howard,Kollam,2.0,1.0,3.0,1,0,13.03500133530251,0.727505853495373
Larry Anderson,Trivandrum,1.0,3.0,2.0,1,1,12.642587094959815,0.2615230237484669
Grant Pollard,Thrissur,1.0,1.0,3.0,1,1,12.739608137058681,0.46156762180845146
Kimberly Sparks,Trivandrum,2.0,2.5510835913312695,0.0,0,0,12.569316169037547,0.36211394804326014
Kimberly Huang,Trivandrum,2.0,4.0,3.0,0,0,12.547685645754168,0.30768201583231136
Valerie Browning,Palakkad,4.0,1.0,1.0,0,0,12.083596319847786,0.13560040138253984
Angela Lewis,Ernakulam,4.0,4.0,1.459320288362513,0,1,12.747506016348325,0.281502954621474
Christopher Berry,Thrissur,4.0,4.0,3.0,1,0,12.704843744579037,0.18497045378526036
Kenneth Garza,Ernakulam,5.0,2.5510835913312695,0.0,1,0,12.545211110318311,0.11724829969896311
Robert Brown,Ernakulam,3.0,2.0,1.0,0,0,12.663449611675942,0.3928643104024976
Mary Armstrong,Ernakulam,4.0,3.0,3.0,0,1,12.31109428877723,0.005351767198126869
Dr. Victoria Edwards MD,Trivandrum,1.0,4.0,0.0,0,0,12.829577334480247,0.10007804660497269
Shane Taylor,Ernakulam,3.0,3.0,2.0,1,0,13.170524315080858,0.8974244620359014
Lisa Campbell,Kollam,3.0300518134715024,1.0,1.0,1,0,12.676644488312018,0.24729624261344638
Barbara Patrick MD,Thrissur,1.0,1.0,1.0,0,1,11.928647391612879,0.022923402831976802
Travis Adams,Palakkad,3.0,1.0,2.0,0,0,12.098474183092053,0.004794291448321997
Scott Harris,Trivandrum,3.0,3.0,1.0,1,1,12.925629427226301,0.5333036012933438
Jason Anthony,Kollam,2.0,1.0,3.0,0,0,13.121373587724097,0.9794625933771882
Barbara Young,Trivandrum,1.0,2.0,3.0,0,0,12.50071300286913,0.5446984056193556
David Hines,Thrissur,2.0,3.0,0.0,0,0,13.004750777222995,0.916534730739213
Logan Davis,Kollam,5.0,1.0,0.0,1,1,13.089831198055075,0.7533727282863195
Jody Mann,Palakkad,4.0,1.0,1.0,0,0,12.111797569820716,0.11194113056082061
Michelle Fields,Ernakulam,2.0,1.0,2.0,0,1,12.778907616643403,0.6670531831865314
Cole Campbell,Thrissur,5.0,3.0,1.0,0,0,12.341865547763032,0.15375181179618688
Donna Duran,Thrissur,1.0,2.0,0.0,0,1,13.04275438233055,0.9775002787378752
Taylor Richardson,Thrissur,1.0,2.0,0.0,0,1,12.526873837387326,0.5117627383208831
Dylan Fitzpatrick,Trivandrum,1.0,2.0,0.0,1,0,12.64904388876808,0.40486118853829867
Robert Roberts,Thrissur,3.0,1.0,1.459320288362513,0,1,12.261807496585266,0.08881703645891406
David Morgan,Ernakulam,1.0,1.0,1.0,1,1,12.85487904372439,0.7114728509309846
William Sullivan,Kollam,5.0,1.0,1.0,1,1,13.131508294890299,0.9025086408741222
Michelle Bartlett,Kollam,2.0,1.0,3.0,0,1,12.733394849400545,0.5919500501728175
Stephen Phillips,Palakkad,5.0,2.5510835913312695,1.0,1,0,12.984845994120656,0.5347530382428365
Melissa Cohen,Ernakulam,1.0,4.0,2.0,0,0,12.341380421950346,0.18153640316646227
Jason Schmidt,Thrissur,3.0,3.0,2.0,1,1,12.608757525717243,0.08723380532946817
Joshua Bean,Trivandrum,4.0,4.0,3.0,0,0,12.70115826276935,0.3431151744899097
Ashley Andrews,Trivandrum,3.0,2.0,0.0,1,0,12.975173044728905,0.5615787713234475
Christopher Adams,Palakkad,2.0,2.0,0.0,1,1,12.53952303525332,0.23884491024640428
Antonio Parrish,Ernakulam,4.0,3.0,1.0,0,1,12.949554297203512,0.6742334708440184
Jesse Fields,Thrissur,2.0,3.0,2.0,1,1,12.899352267319392,0.5484669416880366
Kathleen Wright,Palakkad,2.0,3.0,0.0,1,1,13.131337310944666,0.7818708886163452
Rebecca Garcia,Ernakulam,3.0,4.0,3.0,1,1,12.672011054202368,0.14599174935890288
Abigail Anderson,Palakkad,1.0,3.0,3.0,1,0,12.707618696934214,0.43717248299698963
Michelle Johnson,Trivandrum,5.0,2.0,2.0,0,0,12.791946009015701,0.3549782584457576
Nicholas Kelley,Trivandrum,5.0,1.0,2.0,0,0,12.858920038945854,0.6257330806109935
Joshua Gibson,Palakkad,3.0,3.0,1.0,1,0,12.47476220920114,0.01001226446649571
Jonathan Orr,Trivandrum,3.0,2.0,0.0,0,0,12.610295282090139,0.507079942022522
Christina Boyd,Palakkad,5.0,3.0,3.0,1,0,13.130520358592564,0.7041810681235368
Natalie Stewart,Trivandrum,1.0,2.0,2.0,1,0,12.336310639616459,0.1350652246627272
Veronica Knight,Thrissur,1.0,2.0,3.0,0,1,12.853245230734158,0.5947374289218419
Kenneth Harrington,Ernakulam,4.0,1.0,1.0,0,0,12.311105902644764,0.2158323112944587
Tricia Douglas,Kollam,5.0,2.0,1.459320288362513,1,0,13.214871307298573,0.8839112498606312
Kimberly Hart,Kollam,5.0,4.0,3.0,1,1,13.10861173551447,0.5767867097781246
Mike Carlson,Palakkad,4.0,2.0,1.0,1,0,12.487646261793222,0.07913925744230127
Michelle Alvarado,Kollam,2.0,3.0,3.0,0,1,12.419983143086483,0.22196454454231243
Randy Martin,Ernakulam,1.0,3.0,3.0,1,1,12.290940447536995,0.09599732411640094
Daniel Kelly,Kollam,4.0,4.0,0.0,1,0,13.096318269103836,0.7441409298695507
Ana Morris,Thrissur,2.0,1.0,2.0,1,1,12.920120893997106,0.6669416880365704
Rebecca Maddox,Trivandrum,3.0,4.0,0.0,0,0,12.838648332549852,0.4284089642100569
Marvin Ward,Ernakulam,4.0,1.0,3.0,0,0,12.383697942136566,0.13049392351432715
Alexis Downs,Kollam,4.0,1.0,1.459320288362513,0,0,12.562666401173226,0.2888393354889063
Alice Rich,Ernakulam,2.0,2.0,0.0,1,0,12.37534974208583,0.07742223213290222
Ernest Cortez,Ernakulam,1.0,1.0,1.0,1,1,12.133026732269114,0.14679451443862193
Tina Bass,Thrissur,5.0,2.0,3.0,1,0,13.127008890280988,0.6821496264912477
Robert Lee,Thrissur,1.0,3.0,3.0,0,1,13.072593973936558,0.8687479094659383
Kevin Becker,Kollam,2.0,4.0,1.0,0,0,12.83180945179372,0.5132567733303602
Jessica Stevenson,Kollam,2.0,4.0,0.0,0,1,12.593269059265277,0.3273720593154198
Jennifer Nelson,Trivandrum,4.0,3.0,1.0,0,1,12.63345171259588,0.34213401717025316
Colleen Harris,Palakkad,5.0,1.0,0.0,1,1,12.8464222165772,0.4744118630839559
Jordan Shea,Thrissur,5.0,2.5510835913312695,1.0,1,1,12.750671527742622,0.24997212621250978
Amanda Johnson,Thrissur,3.0,2.0,3.0,1,0,13.086920887368583,0.7614895752034788
Diana Jordan,Palakkad,3.0,1.0,2.0,0,1,12.874288456249504,0.5514550117069908
Katherine Mitchell,Thrissur,3.0,4.0,2.0,0,1,12.603992190678374,0.09423570074701751
Jennifer Lyons,Kollam,3.0,3.0,3.0,1,0,13.23907065241544,0.9397034229011038
Anthony Coleman,Ernakulam,4.0,2.0,3.0,1,1,12.423146694624897,0.07171368045490023
Scott Barnett,Palakkad,5.0,1.0,1.0,1,1,13.137777959925975,0.7677779016612778
Colleen Page,Trivandrum,2.0,1.0,2.0,0,1,12.327963631990986,0.2124205597056528
Anthony Padilla,Trivandrum,4.0,4.0,0.0,1,0,12.98345230593583,0.4576206934998328
Jesse Morris,Trivandrum,2.0,2.0,3.0,0,1,13.117515224078305,0.9480209610881928
Jennifer Yates,Ernakulam,2.0,2.0,0.0,1,0,13.032201201858099,0.8166796744341622
Leah Walsh,Kollam,5.0,2.0,3.0,0,1,13.126028632144088,0.9177611773887836
Daniel Flores,Kollam,2.0,4.0,1.0,1,1,13.188917734129397,0.8381759393466385
Rachel Aguirre,Trivandrum,4.0,1.0,3.0,1,0,12.01982041374496,0.02885494480990075
Michael Flores,Thrissur,1.0,4.0,2.0,0,1,12.426691211750857,0.09062325788828185
Stacey Gates,Trivandrum,5.0,3.0,3.0,1,1,13.008584728478878,0.3869996655145501
Bryan Obrien,Ernakulam,1.0,1.0,0.0,1,1,12.936578903628472,0.8912476307280633
Christopher Nguyen,Palakkad,5.0,2.0,3.0,0,1,12.51509803280934,0.09080165012821945
Ian Zimmerman,Ernakulam,2.0,2.0,1.0,1,0,12.447437731735201,0.2723826513546661
Whitney Hayes,Palakkad,3.0300518134715024,3.0,1.0,0,0,13.074698272118741,0.9085739770319993
Danielle Taylor MD,Kollam,1.0,3.0,0.0,0,0,12.862297120493741,0.705585907013045
Stephanie Wilson,Ernakulam,3.0,2.0,1.0,0,1,12.88278310526981,0.6427472404950386
Carol Martin,Kollam,5.0,3.0,2.0,1,1,12.60947997118889,0.12217638532723826
Karen Hall,Thrissur,5.0,4.0,2.0,0,0,12.911453883886347,0.45641654588025427
Joseph Fletcher,Kollam,2.0,3.0,1.459320288362513,1,0,12.934826299393936,0.49117894420975405
Jacob Cook,Kollam,1.0,1.0,1.0,1,1,12.164542744253046,0.039558479206154545
Erin Newman,Kollam,2.0,2.0,2.0,1,1,12.24991980362542,0.04767532612331363
Mark Harrell,Kollam,5.0,4.0,0.0,1,0,13.071439404282968,0.6332701527483555
Mr. Jordan Becker,Trivandrum,2.0,4.0,1.0,1,0,13.24045779568722,0.9901884268034341
Manuel Swanson MD,Ernakulam,4.0,4.0,2.0,1,1,12.951403630106247,0.4306165681792843
Lucas Miller,Palakkad,1.0,1.0,3.0,0,0,12.689691139204795,0.43465269260787165
Lisa Hardin,Kollam,3.0,2.5510835913312695,0.0,1,1,13.110027583394965,0.8197792396030773
Stephanie Boyd,Kollam,2.0,2.0,2.0,0,1,12.301173576170692,0.14333816478983166
Kristi Thomas,Kollam,3.0300518134715024,3.0,1.0,1,0,12.44264147317398,0.08342067120080277
Abigail Jimenez,Palakkad,3.0300518134715024,4.0,0.0,1,1,12.69410401293686,0.3610212955736426
Wendy Smith,Palakkad,3.0,2.0,1.0,1,0,12.852992310530052,0.4819266361913258
Scott Saunders,Kollam,5.0,1.0,0.0,0,0,12.455538154501598,0.05135466607202585
Mary Wilson,Ernakulam,1.0,3.0,1.0,0,0,12.99609632403203,0.9800646671869774
Suzanne Hayes,Kollam,3.0,3.0,3.0,0,1,13.10213185334508,0.8358568402274501
John Miller,Trivandrum,1.0,1.0,2.0,0,1,12.864231900040673,0.7070130449325456
Natalie Bailey,Thrissur,5.0,4.0,0.0,0,0,12.829577334480247,0.9149960976697514
Michelle Davis,Kollam,3.0,1.0,0.0,0,0,12.476631015659839,0.19444754153194335
Adam Parker,Thrissur,4.0,1.0,3.0,1,1,13.165072326505479,0.9487122310179509
Amanda Graham,Trivandrum,3.0,1.0,0.0,0,0,12.906087812386458,0.7995986174601406
Brian Ball,Thrissur,1.0,2.0,0.0,1,1,12.911960320220901,0.6545880254208943
Jason White,Thrissur,5.0,2.0,2.0,0,1,12.489358556508765,0.09934217861523026
Rebecca Ross,Trivandrum,3.0,4.0,2.0,0,1,13.143205503450114,0.8293009254097448
John Petty,Kollam,4.0,1.0,0.0,0,0,13.047711251071727,0.8923848812576655
Fred Parker,Palakkad,2.0,1.0,1.459320288362513,1,0,12.923128668198,0.6699520570855169
Deanna Cannon,Palakkad,1.0,3.0,2.0,1,1,12.893856318162563,0.5761400379083511
Elizabeth Owens,Trivandrum,3.0300518134715024,2.0,2.0,1,0,12.43342349374524,0.09278626379752483
Janet Porter,Ernakulam,3.0,2.0,3.0,1,1,12.758481238201954,0.4865871334596945
Ryan Mcmahon,Thrissur,3.0,2.0,0.0,1,1,12.823855880917005,0.4196454454231242
Daniel Jimenez,Thrissur,3.0,4.0,0.0,0,1,12.655228014746314,0.32106143382762853
Megan Pittman,Ernakulam,1.0,1.0,3.0,0,1,12.152593701191089,0.20207380978927422
Tanya Rivera,Thrissur,4.0,4.0,0.0,1,1,12.908203724751566,0.45799977700970007
Norma Brown,Palakkad,2.0,1.0,3.0,1,0,12.268584896418048,0.49117894420975405
Leslie Nelson,Thrissur,2.0,4.0,2.0,1,1,12.61188855876569,0.11314527818039916
Sonya Spencer,Kollam,2.0,4.0,1.0,1,0,12.390341222316614,0.23173151967889397
Laura Lloyd,Ernakulam,4.0,4.0,3.0,1,1,13.265775016743016,0.9112498606310625
John Holder,Thrissur,3.0300518134715024,3.0,3.0,1,1,13.153370101774309,0.7923737317426692
Robert Smith,Ernakulam,2.0,3.0,3.0,1,0,12.992523926880976,0.773731742669194
Randall Benton,Ernakulam,2.0,3.0,3.0,1,1,12.748410657191636,0.24232355892518678
Carrie Robinson,Ernakulam,3.0,2.0,0.0,1,1,13.025014526922398,0.5190991191883154
Adam Smith,Thrissur,3.0,3.0,1.0,1,0,12.520180839372477,0.17689820492808564
Michelle Krueger,Trivandrum,5.0,3.0,3.0,1,1,13.248250693375866,0.7771657932879921
Patricia Wiley,Palakkad,4.0,2.0,1.0,1,0,13.186762532580916,0.9584569071245402
David Brady Jr.,Trivandrum,3.0300518134715024,2.0,3.0,1,0,12.203806028693943,0.05124317092206487
Lauren Sanchez,Ernakulam,5.0,4.0,0.0,0,0,13.001617037997052,0.49117894420975405
Jeffrey Smith,Palakkad,4.0,2.0,1.0,1,0,13.004011144786086,0.49117894420975405
Anthony Briggs,Trivandrum,4.0,2.0,1.0,1,1,12.997123684853811,0.6183966997435613
Kristin Hanson,Ernakulam,1.0,4.0,2.0,1,0,13.057505359899896,0.7442301259895195
John Lopez,Ernakulam,3.0,3.0,3.0,0,0,12.459571380918845,0.11912141821830749
Courtney Hayden,Kollam,2.0,4.0,0.0,1,0,12.393050013860323,0.1372728286319545
Austin Higgins,Kollam,5.0,4.0,1.0,0,0,12.393208677450426,0.1434719589697848
Julian May,Thrissur,2.0,4.0,1.0,0,1,12.716120506917404,0.3614672761734865
Krystal Reeves,Ernakulam,5.0,4.0,3.0,0,1,13.271746642576568,0.9057197011929982
Sean Byrd,Trivandrum,2.0,4.0,0.0,1,0,13.042019237638037,0.7954063998216079
Jonathan Castillo,Palakkad,4.0,1.0,1.459320288362513,0,1,12.922710814580311,0.6855836771100458
Cassandra Yang,Trivandrum,4.0,2.0,1.0,1,1,12.860767625555352,0.33564499944252424
Kristin Chambers,Palakkad,3.0,2.0,2.0,0,0,12.829577334480247,0.45873564499944264
Steven Bailey,Ernakulam,1.0,4.0,0.0,0,1,12.574994508865394,0.27144609209499393
Lauren Padilla,Ernakulam,5.0,4.0,2.0,1,0,13.283083374793573,0.9095328353216635
Travis Long,Thrissur,1.0,2.0,0.0,1,0,12.58041540536217,0.4312855390790501
Natasha White,Thrissur,5.0,1.0,2.0,1,0,12.74983389761805,0.3976140037908352
Eileen Butler,Trivandrum,2.0,3.0,0.0,1,0,12.870206969043373,0.7271490690154979
Cassandra Bell,Trivandrum,4.0,3.0,2.0,0,0,12.937921077423391,0.6278737874902443
Robert Harris,Thrissur,1.0,1.0,2.0,0,0,12.982101315990489,0.8169695618240608
Rachael Gilbert,Trivandrum,3.0300518134715024,4.0,3.0,0,1,12.69349051292441,0.25021741554242394
Erica Nash,Ernakulam,1.0,2.0,1.0,0,1,12.916987271061883,0.8092540974467611
Derek Walker,Kollam,2.0,3.0,1.0,1,1,12.528979501300368,0.26796744341621137
Chelsea Church,Ernakulam,3.0,2.0,3.0,1,1,12.678335439690038,0.29401271044709554
Jose Campbell,Trivandrum,3.0,4.0,0.0,1,1,13.055123547013975,0.6601627829189431
Stephanie Harris,Palakkad,3.0300518134715024,2.0,3.0,0,1,12.209000903993473,0.003233359348868328
Angela Evans MD,Kollam,4.0,2.0,1.0,1,1,12.730429774143648,0.1912587802430594
Sue Barnes,Ernakulam,2.0,3.0,3.0,0,0,12.31489938189805,0.13325900323335935
Jennifer Kelley,Kollam,3.0,3.0,3.0,0,0,12.387588252633911,0.055100903110714694
Gina Pena,Palakkad,3.0,2.0,2.0,1,0,12.829302974293375,0.4801204147619579
Nicole Martin,Thrissur,5.0,1.0,2.0,1,0,12.919296484463803,0.518385550228565
Sean Lopez,Thrissur,2.0,3.0,3.0,1,1,13.277382834021434,0.9946482328018732
Veronica King DVM,Trivandrum,2.0,3.0,1.0,1,0,12.99120986395434,0.7715910357899431
Anthony Martinez,Trivandrum,1.0,4.0,2.0,1,1,12.906968924125815,0.5735979484892408
Hunter Patton,Palakkad,2.0,4.0,2.0,1,1,12.500928524589288,0.16175716356338501
Jenna Gibson,Palakkad,1.0,3.0,3.0,0,1,12.898853458985887,0.6922510870777122
Ronald Harris,Kollam,2.0,1.0,3.0,1,0,12.481806863280749,0.08484780912030329
Randy Craig,Kollam,3.0,4.0,0.0,1,0,12.814625661650519,0.33573419556249307
Joshua Bowen,Thrissur,2.0,4.0,3.0,0,1,12.960414403098289,0.6108819266361913
Robert Gomez,Kollam,1.0,4.0,0.0,0,1,12.598506751051794,0.2856282751700302
William Dyer Jr.,Kollam,4.0,3.0,1.0,1,0,13.270064934845692,0.983788605195674
Lisa Rosario,Trivandrum,1.0,1.0,0.0,0,0,12.4339031558716,0.35707436726502395
Michael Ball,Thrissur,1.0,2.0,1.0,1,0,12.341386011995802,0.1234697290667856
Mrs. Jamie Ewing DVM,Thrissur,3.0300518134715024,1.0,1.0,1,0,12.720942948541795,0.6178169249637642
Jennifer Harris,Kollam,3.0,1.0,1.0,0,0,12.774499161894614,0.5568959750250865
Mrs. Sara Hansen,Thrissur,4.0,4.0,3.0,1,0,13.30663163814001,0.947374289218419
Dakota Ramirez,Thrissur,2.0,1.0,1.0,0,0,12.773498597435255,0.732411640093656
Eric Clark,Kollam,4.0,3.0,3.0,1,0,13.168845642326673,0.8051956739881816
Richard Mendoza,Ernakulam,4.0,3.0,1.0,1,0,13.163993359015082,0.7615341732634631
Christopher Drake,Kollam,3.0,3.0,0.0,0,0,12.899505010421201,0.6986732077154645
Kristin Gibbs,Kollam,3.0,1.0,1.0,1,0,12.339616775573575,0.1321217527037574
Kristen Boyd,Trivandrum,2.0,2.0,1.0,1,0,12.65351220382638,0.35422009142602295
Cynthia Cobb,Trivandrum,4.0,1.0,1.0,1,0,13.015430826746721,0.5871780577544877
Caleb Collins MD,Ernakulam,4.0,2.0,0.0,1,1,12.793607500953168,0.5498494815475528
Aaron Reilly,Trivandrum,3.0,3.0,3.0,1,0,12.829577334480247,0.932077154643773
David Chang,Thrissur,3.0,2.0,2.0,1,0,12.42922911676092,0.13905675103133017
Brittany Johns,Palakkad,4.0,3.0,3.0,1,0,12.829577334480247,0.8631062548779129
Joseph Caldwell,Kollam,3.0,3.0,3.0,1,0,13.027585072129666,0.649191660162783
Steve Smith,Thrissur,4.0,2.0,0.0,1,1,12.594823308993721,0.02542089419110269
Ashley Davis,Trivandrum,4.0,2.5510835913312695,3.0,1,0,12.940145575227678,0.5877355335042926
Stephen Lynch,Trivandrum,4.0,1.0,0.0,1,0,12.897467366429296,0.6272048165904783
Jessica Mills,Palakkad,2.0,3.0,0.0,1,1,12.282475382695493,0.04002675883599063
Cindy Davis,Thrissur,4.0,2.0,2.0,1,1,13.03061258346367,0.7116066451109377
Michael Howard,Ernakulam,5.0,3.0,0.0,0,1,13.016308176063824,0.7738655368491472
Sonya Mckay,Ernakulam,1.0,1.0,2.0,1,0,12.774244440508594,0.6503735087523693
Craig Lewis,Thrissur,2.0,2.0,1.0,1,1,12.803418118005558,0.48094547887166916
Michael Turner,Thrissur,1.0,4.0,0.0,1,0,12.988572819770885,0.7366261567621809
Timothy Lewis,Ernakulam,5.0,3.0,2.0,0,0,12.975984621119387,0.5175827851488461
Janet Hess,Ernakulam,5.0,3.0,0.0,1,1,13.2408430414699,0.9502731631174045
Rodney Sanchez,Trivandrum,2.0,3.0,3.0,1,1,12.957438143311755,0.6477868212732747
Matthew Griffin,Ernakulam,5.0,2.0,2.0,0,0,13.013532558314099,0.7716579328799198
Terri Watts,Ernakulam,4.0,1.0,0.0,1,1,12.775869713602663,0.36175716356338505
Nicole Walton,Palakkad,3.0,4.0,2.0,0,1,13.146045118260377,0.910491693611328
Joseph Myers,Trivandrum,4.0,3.0,3.0,1,0,13.162772269009324,0.7519901884268035
Michael Stewart,Thrissur,3.0,4.0,1.0,1,0,12.733511934901777,0.47311851934440863
Dr. Susan Griffin,Thrissur,1.0,1.0,3.0,0,1,12.605715738551051,0.3991526368602967
Barbara Allen,Palakkad,4.0,3.0,2.0,1,1,12.86502641286148,0.2798974244620359
Jennifer Owens,Palakkad,3.0,2.0,1.0,1,0,13.123898818011847,0.9149069015497827
Casey Morales,Thrissur,5.0,4.0,1.0,0,1,12.712370715374611,0.26205820046827966
Robert Wood,Thrissur,1.0,3.0,3.0,0,1,12.821642616160984,0.5908796967331922
William Lucas,Trivandrum,2.0,1.0,1.0,0,1,12.812846409197029,0.7217304047273944
Nicole Garcia,Kollam,3.0,3.0,0.0,0,0,13.003980932137894,0.6506410971122757
Christopher Morales,Thrissur,5.0,2.0,2.0,1,1,12.978091494518614,0.475214628163675
John Randall,Kollam,2.0,3.0,3.0,1,1,12.571035221973279,0.08968669862860967
Brandon May,Palakkad,5.0,4.0,3.0,0,0,12.647954282328632,0.2633738432378192
Crystal Mccormick DDS,Palakkad,3.0,1.0,2.0,0,0,12.324953123221142,0.3150183966997435
Nicole Rojas,Ernakulam,2.0,2.0,1.0,1,1,12.635943040401752,0.23924629278626383
Donald Horne,Palakkad,5.0,3.0,0.0,0,0,12.49084989055296,0.07285093098450215
Lisa Ayala,Kollam,4.0,2.0,1.0,1,1,12.961012894418742,0.603300256438845
Emily Kidd,Palakkad,4.0,2.0,1.0,0,0,12.426021539355837,0.2014717359794849
Nicole Oliver,Palakkad,2.0,3.0,2.0,1,1,12.829577334480247,0.43648121306723164
Wesley Carlson,Kollam,3.0,3.0,3.0,0,1,12.868396299672007,0.5161779462593379
Jacob Pope,Kollam,2.0,3.0,0.0,0,1,12.848506100562192,0.5479094659382318
Joel Burgess,Palakkad,2.0,3.0,0.0,0,0,11.808862049999709,0.009343293566729832
Richard Duran,Palakkad,2.0,2.0,2.0,0,1,12.27940038123573,0.0736536960642212
John Smith,Kollam,3.0300518134715024,4.0,3.0,1,0,12.573800614111946,0.1612442858735645
Tara Watkins,Palakkad,1.0,2.0,3.0,1,0,12.382186222631287,0.3238488125766529
David Salazar,Palakkad,5.0,4.0,2.0,0,0,12.718654086945792,0.26377522577767865
James Ortega,Trivandrum,5.0,1.0,1.0,1,1,12.972615839504211,0.6510424796521351
Valerie Davis,Ernakulam,4.0,4.0,2.0,0,0,12.957275173675818,0.37489129222878814
Joseph Stephenson,Palakkad,4.0,4.0,1.0,1,1,13.170500833368003,0.5699186085405286
Joseph Malone,Ernakulam,3.0,1.0,3.0,1,1,13.178883115111867,0.8924071802876575
Kevin Webb,Palakkad,1.0,3.0,0.0,1,1,13.09496007320684,0.8440405842345858
Joel Gutierrez,Kollam,3.0,4.0,2.0,0,1,12.831478180422133,0.5407960753707214
Matthew Schwartz,Palakkad,5.0,3.0,1.0,0,0,13.022639656239354,0.5032668078938567
Crystal Johnson,Trivandrum,5.0,1.0,1.0,1,0,13.152005535394988,0.49117894420975405
Lisa Bryant,Kollam,2.0,4.0,2.0,0,0,12.239058142756067,0.04671646783364922
Bradley Carlson,Palakkad,3.0,2.0,0.0,1,1,12.829343993479126,0.35925967220425914
Aaron Johnson,Thrissur,3.0300518134715024,4.0,0.0,0,1,12.718285306914586,0.34133125209053405
William Trujillo,Ernakulam,4.0,2.0,3.0,0,0,12.735632414203582,0.4744118630839559
Lindsay Montgomery,Trivandrum,3.0300518134715024,3.0,0.0,0,1,12.449410747328637,0.24033894525588143
Cory Wagner,Thrissur,5.0,1.0,1.0,1,0,12.774092619157074,0.3734418552792954
John Haynes,Ernakulam,4.0,3.0,3.0,1,1,12.95034153200721,0.44355000557475754
Theresa Brown,Thrissur,4.0,4.0,0.0,0,1,12.739325214761024,0.2768424573531052
Robert Garcia,Kollam,5.0,1.0,0.0,1,0,13.156927051828355,0.841431597725499
Vanessa Scott,Thrissur,2.0,1.0,0.0,0,1,12.829577334480247,0.5330806109934219
Sara Delacruz,Palakkad,1.0,1.0,2.0,0,0,12.400028016314128,0.3592819712342513
Rachel Carey,Kollam,3.0300518134715024,4.0,0.0,0,0,12.879455058577248,0.5195450997881593
Tyler Baker,Palakkad,1.0,4.0,3.0,1,1,13.275739271448298,0.9718809231798416
Megan Brown,Kollam,4.0,1.0,0.0,1,0,12.454015847608405,0.21279964321552017
Patrick Johnson,Palakkad,3.0,4.0,0.0,0,1,12.980325645383266,0.6239045601516335
Cynthia Flores,Ernakulam,4.0,2.0,3.0,1,0,13.05951665104127,0.7843683799754712
David Day II,Kollam,2.0,4.0,1.0,1,0,12.962748720538647,0.7447430036793401
Ryan Wade,Ernakulam,4.0,3.0,3.0,1,1,12.80164710115985,0.1372059315419779
Peter Davis,Thrissur,3.0,1.0,1.0,1,0,12.434518514678803,0.05675103133013712
Sophia Hughes,Kollam,4.0,1.0,2.0,1,0,13.128948289206036,0.8285427583900101
Kevin Garcia,Ernakulam,1.0,1.0,2.0,1,0,12.640635996764379,0.47991972349202816
Jeffrey Rice,Kollam,1.0,3.0,3.0,0,1,12.452655458464813,0.12173040472739435
Alice Simmons,Trivandrum,5.0,4.0,0.0,1,0,13.13236679595723,0.8093878916267143
Michael Flores,Palakkad,1.0,4.0,0.0,1,1,12.36748895236294,0.04212286765525697
Kevin Hester,Trivandrum,3.0,4.0,0.0,1,0,12.740348471389753,0.26754376184635964
Kevin Williams,Thrissur,3.0,1.0,0.0,1,1,13.131793117328005,0.8200691269929758
Sarah Foster,Palakkad,1.0,3.0,0.0,1,1,12.600797988263718,0.413580109265247
Aaron Guzman,Ernakulam,4.0,1.0,2.0,1,1,12.85890153281609,0.6870331140595384
Andre Wilson,Ernakulam,3.0,4.0,0.0,1,1,13.068633981286933,0.6716244843349315
Eric Mccall,Palakkad,4.0,3.0,1.0,1,0,13.037780351400556,0.6255992864310403
Susan Jones,Kollam,5.0,1.0,0.0,1,1,13.05445493913564,0.6616568179284201
Eric Green,Palakkad,2.0,3.0,3.0,1,0,12.642344417753,0.33827628498160334
Martin Murphy,Kollam,4.0,4.0,1.0,1,1,12.718611740465628,0.15890288772438402
Andrea Bell,Thrissur,3.0,3.0,3.0,1,0,12.28829307255838,0.03349314304827741
Crystal Smith,Trivandrum,5.0,2.0,2.0,1,0,12.710607010765287,0.1771211952280076
Matthew Rice,Thrissur,2.0,1.0,1.0,1,1,12.973326589314539,0.6636414315977256
Katie Garza,Kollam,3.0,4.0,1.0,0,1,13.078169454317312,0.8650685695172261
Amy Johnson,Palakkad,4.0,1.0,0.0,1,1,13.108066583551373,0.9807559371167355
Christian Castillo,Trivandrum,2.0,1.0,1.0,0,0,12.554916113356741,0.45108707771211953
Matthew Wood,Thrissur,3.0,1.0,2.0,1,0,12.334696660399208,0.07100011149514995
Daniel Salas,Thrissur,2.0,3.0,0.0,1,1,12.97693944517397,0.6664734084067344
Reginald Rangel,Palakkad,5.0,4.0,3.0,1,0,13.324960309208775,0.8906009588582898
Stephanie Lee,Palakkad,4.0,1.0,0.0,1,1,12.986999197679719,0.6310848478091203
Dave Munoz,Thrissur,1.0,1.0,1.0,0,1,12.954694905862372,0.7345523469729067
Eric Davis,Palakkad,3.0,4.0,1.0,0,1,13.078377194616223,0.7767644107481325
Kimberly Key,Kollam,3.0,2.0,2.0,1,0,12.962044754866573,0.7262794068458023
Cassandra Rodriguez,Ernakulam,4.0,2.0,2.0,0,0,13.039030332503417,0.7217081056974022
James Bailey,Thrissur,5.0,1.0,2.0,0,1,12.604376808495775,0.2388895083063887
Danielle Anderson,Thrissur,4.0,1.0,2.0,1,0,13.12094983882924,0.8963764076262685
Lori Thomas,Ernakulam,5.0,2.0,2.0,0,0,12.614862321134458,0.21944475415319434
Keith Ramirez,Kollam,2.0,3.0,3.0,0,1,12.647569412801142,0.34407403277957405
Terry Young,Thrissur,3.0,1.0,3.0,1,1,12.939807753218739,0.7180510647786822
Lisa Ross,Thrissur,3.0,1.0,0.0,0,0,12.829577334480247,0.792797413312521
David Ramirez,Kollam,5.0,2.0,1.459320288362513,0,0,12.946292230039582,0.5426691938900658
William Hernandez,Kollam,4.0,3.0,0.0,1,1,13.224512301418178,0.9054967108930762
Ashley Morrison,Palakkad,1.0,4.0,2.0,1,0,13.191590234847764,0.970765971680232
Scott Delgado,Palakkad,3.0,1.0,1.0,1,1,12.759290352182337,0.32536514661612226
Sierra Underwood,Palakkad,3.0,1.0,2.0,0,1,12.637307282081577,0.24812130672315755
Diana Watts,Thrissur,4.0,4.0,2.0,0,0,12.905677902749575,0.5843683799754712
Mary Kim MD,Thrissur,4.0,4.0,0.0,0,1,13.089809441424515,0.8328464711785039
Justin Huffman,Palakkad,5.0,3.0,1.459320288362513,1,1,12.489291999852028,0.12253316980711337
Virginia Vasquez,Thrissur,3.0,3.0,1.0,0,0,12.71626328773804,0.4874121975694058
Jonathan Ortega MD,Ernakulam,3.0,2.5510835913312695,1.0,1,1,13.063751430049123,0.825777678670978
William Hall,Thrissur,5.0,1.0,1.0,0,1,13.16592844784943,0.9636748801427139
Debbie Moreno,Thrissur,3.0,4.0,0.0,1,0,12.688107298396673,0.2594715129891849
Shelby Gilmore,Trivandrum,5.0,2.0,3.0,1,0,12.60522439962619,0.04285873564499945
Michael Andrews,Ernakulam,3.0,3.0,1.0,1,0,13.008340383921178,0.7669528375515666
Martha Vasquez,Palakkad,1.0,4.0,1.0,0,0,12.408692580898341,0.29033337049838337
Helen Carrillo,Kollam,1.0,2.0,0.0,1,1,12.754016379297102,0.46772215408629736
Brenda Ware,Kollam,3.0,1.0,3.0,1,0,13.207930244925663,0.9941353551120528
Andrew Gay,Thrissur,5.0,3.0,2.0,0,1,13.094388853730491,0.9206154532277847
Angela Ball,Palakkad,4.0,2.0,3.0,1,1,13.165779565692292,0.8668301928866096
Matthew Cruz V,Palakkad,1.0,3.0,1.0,0,0,12.998278630105986,0.9329468168134688
Teresa Hernandez DDS,Palakkad,5.0,1.0,2.0,0,1,12.732879339028338,0.5243616902664734
Diamond Crawford,Ernakulam,4.0,2.5510835913312695,3.0,0,0,12.629975102961316,0.26834652692607874
Cynthia Raymond,Trivandrum,5.0,4.0,3.0,0,0,13.103908509072875,0.6391124986063107
Anthony Luna,Palakkad,5.0,2.0,1.0,1,0,12.817775225807502,0.5006578213847698
Amanda Lee,Kollam,2.0,3.0,2.0,1,0,13.007452468241064,0.8432824172148513
Jason Anderson,Ernakulam,1.0,1.0,1.0,0,1,12.312338726040354,0.18633069461478427
Patrick Collins,Thrissur,4.0,4.0,1.0,0,0,12.626680783683097,0.14674991637863752
Lauren Patterson,Thrissur,4.0,2.0,1.0,1,1,12.838847573988268,0.4882149626491248
Maria Davidson,Trivandrum,3.0,4.0,1.0,0,0,12.829577334480247,0.16095439848366597
Lisa Robertson,Thrissur,4.0,3.0,0.0,1,1,12.599807455249111,0.047430036793399494
Jonathan Vaughan,Palakkad,1.0,2.0,2.0,0,0,12.285989545290226,0.2471624484334932
Timothy Walter,Palakkad,2.0,2.0,2.0,1,0,12.816305743713055,0.5609098004236817
William Simmons,Ernakulam,5.0,2.0,1.0,1,0,12.743061302726767,0.13439625376296133
Joshua Harris,Palakkad,5.0,1.0,2.0,0,0,12.854060260813311,0.524874567956294
William Vargas,Kollam,3.0300518134715024,2.0,1.459320288362513,1,0,12.771493778366285,0.7084624818820382
Norma Baker,Palakkad,4.0,3.0,3.0,1,1,13.208100334332242,0.8228342067120081
Alexandria Sullivan,Kollam,2.0,2.0,3.0,0,0,12.781956980111621,0.70319991080388
Jimmy Bryant,Thrissur,5.0,1.0,3.0,0,0,12.814109577174401,0.42586687479094665
Nicole Peters,Thrissur,5.0,4.0,2.0,0,1,13.252619130976287,0.8756606087635189
Zachary Henderson,Thrissur,2.0,3.0,2.0,1,0,13.019105205827252,0.7003679339948713
Sandra Brown,Palakkad,2.0,2.5510835913312695,0.0,0,0,12.82740019522364,0.6656483442970231
Kelsey Reeves,Palakkad,4.0,2.0,0.0,1,0,13.175661441896724,0.774534507748913
Maria Patterson,Kollam,5.0,1.0,3.0,0,0,12.698858527204354,0.29969896309510546
Paula Duncan,Thrissur,4.0,2.5510835913312695,2.0,0,1,13.110839228749368,0.8551455011706992
Jonathan Brown,Trivandrum,4.0,4.0,1.459320288362513,1,1,13.044361618909708,0.49117894420975405
Denise Jensen,Trivandrum,5.0,2.0,3.0,0,1,12.827418380319633,0.38720035678447984
Sharon Hinton,Kollam,5.0,1.0,1.0,1,1,13.162562554013768,0.9118965325008362
Amanda Wood,Palakkad,1.0,3.0,0.0,0,1,12.14170141706507,0.18595161110491695
Brian Johnson,Kollam,3.0,3.0,0.0,0,1,12.985360273931036,0.7721931095997325
Debbie Harris,Thrissur,4.0,4.0,3.0,1,1,12.778996769126463,0.3313635856840228
Alexander Robinson,Kollam,5.0,4.0,0.0,0,0,12.81886125186933,0.49853941353551123
Zachary Hudson,Ernakulam,4.0,3.0,0.0,0,0,12.791687258790642,0.4350317761177389
William Mason,Kollam,5.0,2.0,2.0,0,1,12.705312270066527,0.32253316980711344
Joseph Lopez,Kollam,5.0,3.0,1.0,1,0,13.07865417724759,0.6726502397145725
Victor Hansen,Palakkad,5.0,2.5510835913312695,3.0,0,1,12.865412494113553,0.3574980488348757
Nichole Conner,Palakkad,3.0,3.0,2.0,1,1,12.731272069493846,0.49117894420975405
Joseph Fields,Kollam,4.0,2.0,0.0,0,1,12.794513513061748,0.4633515442078271
Kevin Griffith,Trivandrum,1.0,2.0,0.0,1,1,12.838070887155984,0.5932879919723493
Patrick Robinson MD,Palakkad,5.0,1.0,0.0,1,0,12.787790487880885,0.37852603411751595
Crystal James,Palakkad,3.0,2.0,3.0,0,1,12.487383816820019,0.16334039469283088
Charles Dawson,Thrissur,3.0,1.0,1.0,0,0,12.823120900225803,0.8272494146504629
Scott Mcdowell,Palakkad,5.0,3.0,2.0,1,0,12.900570763163575,0.23133013713903441
Robert Thompson,Palakkad,2.0,1.0,3.0,0,0,12.608346734414324,0.4826179061210838
Craig Garza,Palakkad,4.0,4.0,1.0,0,0,12.83044744814982,0.5706767755602632
Raymond Donovan,Trivandrum,1.0,2.5510835913312695,1.0,1,1,12.958872799538542,0.6265135466607203
Jonathan Morales,Palakkad,3.0,4.0,3.0,1,0,13.023691134193339,0.7157096666295016
Laura Bartlett,Thrissur,2.0,2.0,3.0,0,1,12.9087810218341,0.6914483219979931
John Stevenson,Kollam,3.0,2.0,0.0,0,0,12.581786405527694,0.32672538744564616
Jose Herrera,Thrissur,2.0,3.0,3.0,0,1,12.6329847145512,0.4439067900546326
Jennifer White,Palakkad,1.0,1.0,1.0,0,0,12.584038628138952,0.4638198238376632
Elizabeth Gonzalez,Trivandrum,3.0,4.0,3.0,0,0,13.091098278265846,0.8320883041587691
James Frazier,Trivandrum,2.0,4.0,1.0,0,0,13.066988269000204,0.8735199018842682
Stephen Collins,Kollam,3.0,2.0,1.0,1,1,12.566521907760002,0.13241164009365594
Evan Manning,Trivandrum,5.0,2.0,3.0,1,0,12.903425594434442,0.37828074478760176
James Reynolds,Thrissur,1.0,1.0,3.0,0,1,12.714226824162004,0.49155981714795416
Joel Peters,Kollam,5.0,2.0,3.0,0,0,13.111946024713438,0.7746683019288662
Tammy Knapp,Trivandrum,1.0,4.0,0.0,0,0,13.082067827621056,0.9650797190322223
Kenneth Romero,Palakkad,4.0,4.0,0.0,1,1,12.485235444302845,0.1382093878916267
Loretta Willis,Thrissur,1.0,3.0,3.0,1,1,12.833278401343303,0.46888170364589143
Patricia Davis,Palakkad,3.0,4.0,3.0,1,1,12.824421250139865,0.3503846582673654
John Casey,Thrissur,3.0,4.0,3.0,0,1,12.969207978787034,0.7329691158434609
Cynthia Smith,Ernakulam,5.0,1.0,0.0,1,0,12.568141545894653,0.1534396253762961
Andrea Shields,Ernakulam,3.0,1.0,3.0,0,0,12.558716098920467,0.42131787267253884
Megan Sherman,Ernakulam,3.0,3.0,2.0,1,1,12.829577334480247,0.15488906232578883
Isaac Bryan,Kollam,2.0,4.0,0.0,0,0,12.508985402504269,0.49117894420975405
Joseph Dean,Kollam,1.0,4.0,0.0,1,0,12.374703240693519,0.0970899765860185
Tricia Gregory,Ernakulam,3.0,1.0,1.0,1,1,12.529442092875716,0.11738209387891627
Melissa Hoffman,Thrissur,5.0,3.0,2.0,1,0,12.853128504267188,0.35776563719478205
Amanda Mills,Kollam,3.0,2.0,0.0,0,0,12.977354090767319,0.8403389452558814
Carol Guerra,Trivandrum,4.0,3.0,1.0,0,0,12.872117811971664,0.4621027985282641
George Moss,Trivandrum,2.0,2.0,0.0,0,1,12.058975538995583,0.11820715798862749
Kelli Nguyen,Ernakulam,3.0,1.0,1.0,1,0,12.829577334480247,0.6749470398037687
Larry Richard,Trivandrum,5.0,1.0,2.0,0,0,12.99614381663747,0.745188984279184
Robert Brooks,Trivandrum,3.0,1.0,1.0,0,1,12.521174328443626,0.23679339948712233
Rebecca Mccoy,Thrissur,4.0,3.0,1.0,1,0,13.08094914504586,0.6955513435165571
Brandon Jensen,Palakkad,5.0,3.0,2.0,0,0,12.352590325132708,0.06489017727728844
Gina Gibson,Kollam,2.0,1.0,3.0,1,1,13.054877904934685,0.8927193667075483
Alexander Ochoa,Ernakulam,3.0,3.0,1.0,1,0,12.770441405889633,0.23630282082729406
Kenneth Washington,Thrissur,1.0,4.0,3.0,1,0,13.008387477899394,0.6947931764968225
Susan Singleton,Ernakulam,4.0,4.0,1.0,1,1,13.093951495398251,0.689129222878805
James Rowe,Palakkad,3.0,4.0,3.0,0,0,12.787805076039968,0.4772215408629725
Toni Horne,Ernakulam,2.0,4.0,0.0,0,0,13.057428447040335,0.6050395807782362
David Howard,Ernakulam,1.0,4.0,1.0,0,1,12.810516473061437,0.4695952726056417
Michael Wilson,Trivandrum,3.0300518134715024,1.0,0.0,1,0,12.962187935088282,0.9772772884379531
Sarah Wilson,Thrissur,1.0,3.0,2.0,1,0,12.398734844784588,0.17150183966997437
Isaac Velasquez,Trivandrum,5.0,2.0,1.0,0,0,12.798818023445982,0.39371167354220094
Mary Ray,Palakkad,5.0,2.0,0.0,0,0,13.066275385752197,0.8425465492251087
Cynthia Hendrix,Trivandrum,3.0,3.0,1.0,0,0,12.60728649650342,0.23931318987624042
